phe1,phe2,phe3,D1M1,D1M2,D1M3,D1M4,D1M5,D1M6,D1M7,D1M8,D1M9,D1M10,D1M11,D1M12,D1M13,D1M14,D2M1,D2M2,D2M3,D2M4,D2M5,D2M6,D2M7,D2M8,D2M9,D2M10,D2M11,D2M12,D3M1,D3M2,D3M3,D3M4,D3M5,D3M6,D3M7,D3M8,D3M9,D3M10,D3M11,D3M12,D3M13,D4M1,D4M2,D4M3,D4M4,D4M5,D4M6,D4M7,D4M8,D4M9,D5M1,D5M2,D5M3,D5M4,D5M5,D5M6,D5M7,D5M8,D5M9,D5M10,D6M1,D6M2,D6M3,D6M4,D6M5,D6M6,D6M7,D6M8,D6M9,D7M1,D7M2,D7M3,D7M4,D7M5,D7M6,D7M7,D7M8,D7M9,D8M1,D8M2,D8M3,D8M4,D8M5,D8M6,D8M7,D8M8,D8M9,D9M1,D9M2,D9M3,D9M4,D9M5,D9M6,D9M7,D9M8,D9M9,D10M1,D10M2,D10M3,D10M4,D10M5,D10M6,D10M7,D10M8,D11M1,D11M2,D11M3,D11M4,D11M5,D11M6,D11M7,D11M8,D11M9,D12M1,D12M2,D12M3,D12M4,D12M5,D12M6,D12M7,D12M8,D13M1,D13M2,D13M3,D13M4,D13M5,D13M6,D13M7,D13M8,D13M9,D14M1,D14M2,D14M3,D14M4,D14M5,D14M6,D14M7,D14M8,D15M1,D15M2,D15M3,D15M4,D15M5,D15M6,D15M7,D15M8,D15M9,D16M1,D16M2,D16M3,D16M4,D16M5,D16M6,D16M7,D16M8,D17M1,D17M2,D17M3,D17M4,D17M5,D17M6,D17M7,D17M8,D17M9,D18M1,D18M2,D18M3,D18M4,D18M5,D18M6,D18M7,D19M1,D19M2,D19M3,D19M4,D19M5,D19M6,D19M7
,,,1,1,1,1,1,1,1,1,1,1,1,1,1,1,2,2,2,2,2,2,2,2,2,2,2,2,3,3,3,3,3,3,3,3,3,3,3,3,3,4,4,4,4,4,4,4,4,4,5,5,5,5,5,5,5,5,5,5,6,6,6,6,6,6,6,6,6,7,7,7,7,7,7,7,7,7,8,8,8,8,8,8,8,8,8,9,9,9,9,9,9,9,9,9,10,10,10,10,10,10,10,10,11,11,11,11,11,11,11,11,11,12,12,12,12,12,12,12,12,13,13,13,13,13,13,13,13,13,14,14,14,14,14,14,14,14,15,15,15,15,15,15,15,15,15,16,16,16,16,16,16,16,16,17,17,17,17,17,17,17,17,17,18,18,18,18,18,18,18,19,19,19,19,19,19,19
,,,0,8.75,24.31,34.48,42.32,50.39,60.01,69.92,79.59,89.53,97.87,107.26,120.36,129.28,0,8.05,15.85,25.71,35.03,46.8,55.93,64.79,77.16,87.06,98.32,108.77,0,10.97,24.2,35.41,43.2,53.61,64.34,73.48,85.11,92.71,102.65,113.14,121.25,0,10.42,21.11,29.47,41.05,53.48,65.02,74.14,86,0,9.87,20.3,31.04,39.89,51.14,62.71,72.94,83.8,91.71,0,11.36,19.47,28.08,38.84,50.39,60.32,68.69,78.91,0,10.42,20.88,25,30.82,40.79,51.33,60,69.72,0,10.43,19.03,28.16,38.88,50.94,60.52,73.04,83.93,0,7.34,18.93,29.67,36.52,46.41,60.13,69.69,78.22,0,18.49,28.15,36.51,44.88,55.94,67.83,79.69,0,13.06,24.37,34.9,48.63,62.6,75.06,85.55,94.93,0,7.57,17.21,25.54,35.68,45.56,53.12,60.7,0,8.13,21.77,31.18,39.52,46.85,57.55,65.62,74.95,0,16.33,26.74,34.85,46.37,55.2,64.57,77.51,0,7.86,20.93,32,41.43,56.23,68.93,83.47,92.58,0,11.01,22.81,33.47,46.11,56,67.32,77.85,0,11.87,22.37,32.3,39.63,49.25,57.83,68.04,75.14,0,10.19,15,22,33.22,43.36,64,0,8.85,17.22,26.66,35.04,44.44,52.52
11.5095,1.136,118.8405,H,H,A,-,A,A,A,A,A,A,A,A,A,A,A,A,A,A,A,A,H,H,H,H,H,H,H,H,H,A,A,H,H,H,H,H,H,H,H,H,H,H,H,H,H,H,H,H,H,H,H,H,H,H,H,H,A,-,H,H,H,H,H,H,A,A,H,H,H,H,H,H,H,H,H,H,H,A,A,-,H,H,H,B,B,H,H,H,H,H,B,-,B,B,H,H,H,H,-,H,H,H,-,A,A,A,A,A,A,A,H,-,A,A,A,-,H,H,H,H,H,H,B,B,B,B,B,H,B,B,B,H,H,-,H,H,H,-,A,A,A,A,-,A,A,H,H,H,B,B,B,B,B,H,H,H,H,B,B,B,B,-,H,H,H,H,H,H,H,H,H,H,H,H,H,H
10.4557,0.9602,85.0089,A,A,A,-,A,A,A,A,A,A,H,H,H,H,-,H,B,B,H,H,H,-,B,B,B,B,B,B,H,A,A,A,A,A,A,A,A,A,A,A,A,A,A,A,A,-,A,A,H,H,H,H,H,H,-,H,H,H,H,H,H,H,H,H,H,H,H,H,H,H,A,H,H,H,H,A,A,A,A,A,A,H,H,H,H,A,A,H,H,B,B,B,B,B,A,A,A,A,A,-,A,A,H,H,H,H,H,H,H,-,H,H,H,H,A,A,A,A,A,H,H,B,B,B,B,B,B,B,H,H,H,H,H,H,H,H,B,B,B,B,B,B,H,H,H,H,H,H,B,H,H,B,B,B,H,-,H,H,H,H,H,-,B,H,H,H,-,A,A,B,B,B,B,B,B,B
10.0735,0.9199,66.8308,-,-,-,H,-,-,-,-,-,A,-,-,-,-,-,-,-,-,-,-,-,-,-,-,B,-,-,-,-,-,-,-,-,-,-,-,-,-,-,-,-,-,-,-,-,-,-,-,-,-,-,-,-,B,-,-,-,-,-,-,-,-,-,-,-,-,-,B,-,-,H,-,-,-,-,-,-,-,-,-,-,-,-,-,-,-,-,-,-,-,-,B,-,-,-,-,-,A,-,-,H,-,-,-,-,-,-,-,-,-,-,-,-,-,-,-,H,-,-,-,-,-,-,-,-,-,-,-,-,A,-,-,-,-,-,-,B,-,B,-,-,-,-,-,-,-,-,-,-,-,-,-,-,-,-,-,A,-,-,-,-,-,A,-,-,H,-,-,-,-,-,H,-,-,-,-
9.866,0.956,136.325,H,H,H,-,B,B,B,H,A,A,A,A,H,H,H,H,H,-,B,B,B,H,H,H,A,A,H,H,H,B,B,B,B,B,H,H,H,H,H,A,-,H,H,H,H,H,H,H,H,A,A,A,A,H,H,H,B,B,A,A,A,-,A,A,-,A,-,B,B,B,A,B,B,A,A,A,B,H,H,H,H,H,H,H,-,A,A,H,H,H,H,H,A,A,H,A,H,H,H,H,H,H,A,A,A,A,A,H,H,H,B,B,B,B,B,B,B,B,B,-,H,H,H,H,H,B,B,H,A,A,A,A,A,A,A,A,H,-,H,H,H,H,H,H,H,H,H,H,H,H,H,H,H,A,A,A,A,A,A,A,A,-,A,A,H,H,H,H,H,-,A,-,A,A,A,A
11.1486,1.1755,122.0565,-,A,A,-,A,-,A,A,A,A,A,A,H,H,H,H,H,H,B,B,B,B,B,B,B,B,H,A,A,A,A,A,A,A,H,H,H,H,-,H,H,A,-,A,A,H,H,H,-,B,B,B,B,B,B,H,H,H,B,B,B,B,B,B,-,B,H,H,H,A,H,A,A,A,A,A,H,H,H,-,H,H,H,H,H,B,H,H,A,A,A,A,A,A,A,H,H,H,A,A,A,A,H,B,B,H,H,H,H,H,H,H,A,H,H,A,A,A,A,A,A,A,-,A,A,H,H,H,A,A,A,A,A,A,A,A,H,-,A,A,A,A,A,A,A,A,A,A,A,A,H,H,H,H,H,H,H,A,A,A,A,-,H,H,H,H,H,H,H,A,H,H,H,H,A,A
9.1926,1.0195,94.9373,B,B,H,-,H,H,H,H,H,H,H,H,H,H,H,H,-,H,H,A,A,A,A,H,H,H,H,H,H,H,H,H,-,H,H,H,H,B,H,B,B,B,B,B,H,H,H,H,H,H,A,A,A,A,A,H,H,H,H,H,H,H,H,B,A,A,-,H,A,-,B,H,H,H,H,B,B,B,B,H,H,H,H,H,H,B,B,H,B,B,B,H,H,H,B,B,B,B,B,B,B,B,B,B,-,B,H,H,H,H,H,H,A,A,H,H,H,B,B,H,H,A,A,A,A,A,A,A,B,B,B,B,B,B,B,B,H,-,H,B,B,B,B,B,B,H,H,H,H,A,A,A,H,A,A,A,A,A,A,A,A,-,B,H,H,H,H,H,H,H,H,H,H,H,H,H
9.9862,0.9611,104.6356,H,H,A,A,A,A,H,H,H,H,H,A,H,B,B,B,B,B,B,B,B,B,B,H,H,H,B,B,B,H,A,A,A,-,A,A,-,-,A,B,H,H,H,H,A,A,A,A,H,H,H,H,H,H,B,B,B,B,H,H,B,H,H,B,B,B,B,H,H,B,B,B,H,H,H,H,H,H,H,H,H,H,H,H,H,H,H,H,-,H,B,B,B,B,B,B,B,B,B,-,B,B,H,H,H,H,B,-,H,A,A,B,B,B,B,H,B,-,B,B,B,B,H,B,B,B,B,-,A,H,B,H,H,H,H,H,H,H,H,H,A,A,A,H,H,A,A,A,B,B,B,B,H,-,B,H,A,A,A,H,H,-,B,B,B,B,B,B,B,H,A,A,A,A,A,A
7.7515,0.8521,100.0246,H,H,H,-,B,B,B,B,B,H,H,H,H,H,H,A,H,H,H,H,H,H,A,A,H,H,A,A,A,-,H,B,A,A,A,A,A,A,A,H,H,A,A,A,H,H,H,H,A,A,A,A,-,A,A,A,H,H,H,H,H,H,H,A,A,A,A,A,H,H,A,B,A,A,A,A,B,H,H,H,H,B,B,B,B,A,A,A,A,A,A,A,A,A,A,A,A,A,A,A,H,H,H,H,H,H,-,H,H,H,H,H,H,H,B,H,H,H,A,A,A,A,A,A,A,A,A,A,H,H,H,H,H,H,H,B,A,A,A,A,A,H,A,A,A,A,A,A,A,H,H,H,H,H,A,A,A,H,B,B,B,-,A,A,H,A,A,H,A,A,A,A,-,A,A,A
10.1928,0.9604,125.3206,-,-,H,-,B,B,B,-,H,H,H,H,H,B,A,H,H,H,H,H,H,-,H,H,H,A,H,B,B,H,H,H,H,H,-,H,H,H,H,H,H,H,H,H,H,H,H,H,-,-,A,A,A,A,A,H,-,A,B,B,B,B,H,H,H,H,-,H,A,A,H,A,A,H,B,B,B,B,B,B,B,B,B,B,B,A,-,A,A,H,H,H,A,A,H,A,A,A,H,H,H,B,H,H,A,-,A,A,A,A,A,H,H,-,B,B,B,B,B,A,A,A,A,A,A,A,A,A,A,A,A,-,A,A,A,A,H,-,H,B,B,B,B,B,B,H,H,H,H,H,H,H,H,B,B,B,H,B,B,B,B,-,A,A,H,-,A,A,H,A,H,H,H,B,B,B
11.0657,1.1153,113.0281,B,B,B,B,B,H,H,H,H,H,B,B,B,B,H,H,H,A,A,A,-,H,H,H,H,H,B,B,H,H,H,H,H,B,H,A,H,H,H,H,H,H,H,H,H,B,-,B,B,B,A,A,H,H,B,-,H,H,H,H,H,-,B,H,H,H,H,A,A,A,H,H,-,A,A,A,A,-,A,H,H,H,H,H,H,H,H,H,H,H,H,H,H,H,H,H,H,A,H,H,H,H,H,H,A,A,H,-,A,-,A,-,A,A,H,H,H,H,H,H,H,H,H,H,A,-,A,A,H,H,A,H,H,H,H,H,-,-,A,H,H,H,H,H,H,H,H,H,H,H,H,H,H,-,H,H,H,H,H,H,B,B,B,B,H,H,H,H,H,B,B,B,B,B,B,B
9.7342,0.96,78.6489,A,H,H,H,B,H,B,B,-,B,B,H,B,B,H,H,A,A,A,A,A,A,A,A,A,A,A,A,A,A,A,H,B,B,H,H,H,H,H,B,B,B,H,A,A,A,A,A,-,B,B,B,B,B,-,H,H,H,H,H,H,B,B,H,H,H,H,H,H,H,B,B,B,B,B,B,H,H,H,H,A,A,-,A,A,-,H,H,A,A,A,H,H,H,B,B,H,H,H,H,H,H,H,H,H,H,H,H,H,H,H,H,H,H,H,H,H,H,H,B,B,B,B,B,B,B,B,B,H,H,H,H,H,B,B,B,H,H,H,H,H,H,B,B,B,H,H,H,H,H,-,H,A,A,-,A,A,H,H,H,B,-,A,H,B,H,H,H,H,A,A,-,A,A,A,A
10.5651,1.0906,103.6241,H,H,B,B,B,B,B,B,B,B,B,B,B,H,H,H,H,H,H,H,H,H,H,H,B,B,H,H,H,H,H,H,H,H,A,A,A,A,H,A,A,A,A,B,B,H,H,H,B,-,B,B,H,H,H,H,H,H,A,A,A,A,A,A,A,A,A,H,H,A,B,H,H,A,A,A,B,B,B,B,B,B,B,H,H,A,A,A,A,A,-,A,A,A,B,B,H,A,A,A,A,A,H,-,A,A,A,A,H,H,H,B,B,B,B,B,-,H,H,H,H,B,H,H,B,B,B,B,A,H,-,H,H,B,H,B,H,-,A,A,-,A,A,A,A,A,H,H,B,B,B,B,B,A,A,H,H,B,B,B,B,-,A,B,H,B,B,B,-,A,A,A,-,A,A,A
10.1892,1.033,105.7313,B,B,B,B,B,B,H,A,A,A,A,A,H,H,A,A,A,A,A,A,A,A,A,-,A,A,H,H,H,H,H,H,H,H,H,H,H,H,H,H,H,H,H,H,H,H,H,H,H,H,H,H,H,H,B,B,B,B,H,H,H,B,B,B,H,H,H,A,A,A,H,H,B,H,H,B,B,B,-,H,H,H,H,H,A,A,A,A,A,H,H,H,B,B,H,H,H,H,A,A,H,A,B,B,B,B,-,H,H,H,H,B,B,-,B,B,B,H,H,H,H,-,A,A,A,A,H,H,H,H,H,H,B,B,B,B,H,-,B,B,B,B,B,H,H,A,-,A,H,H,H,H,H,B,B,B,B,B,B,-,B,B,H,B,H,B,H,H,H,B,B,B,B,B,-,H
11.2356,1.0878,107.2468,A,A,A,A,A,A,H,B,B,H,B,B,B,B,H,H,H,H,B,B,B,H,H,A,A,A,B,B,B,B,H,H,H,H,H,H,H,H,H,H,H,-,H,H,B,-,H,H,A,A,A,A,A,A,H,H,H,H,B,B,B,B,B,B,B,H,H,H,A,-,B,A,A,A,H,H,H,H,H,H,H,H,H,H,-,H,H,H,A,A,H,A,A,A,B,B,B,B,B,B,H,H,B,B,B,B,B,B,B,H,H,B,B,-,B,H,H,H,H,H,H,B,B,B,B,B,B,B,B,B,B,B,B,B,B,H,H,-,-,H,H,H,H,H,-,H,H,H,H,H,B,B,H,A,A,A,A,A,A,-,H,H,H,H,B,H,B,B,H,H,H,H,H,H,A,A
10.5837,0.9901,99.6764,H,A,A,-,A,H,H,H,H,B,-,H,H,H,A,A,H,H,H,H,H,A,A,H,-,A,A,A,A,H,H,H,H,A,A,A,H,H,-,B,B,H,H,H,H,B,B,H,B,B,B,B,B,B,H,H,A,A,B,B,B,B,B,B,B,B,B,B,B,B,B,-,B,B,B,B,A,A,A,A,A,A,A,A,A,H,H,H,H,H,H,H,H,H,B,B,B,B,B,B,H,H,H,H,H,H,H,H,B,B,B,H,H,H,B,H,H,H,H,H,H,H,H,H,H,B,B,-,-,A,-,A,A,A,A,A,B,-,A,A,A,A,A,A,A,H,H,H,A,A,A,A,A,H,H,-,H,A,A,-,B,-,H,H,H,H,H,H,H,B,B,B,B,B,B,B
11.6283,1.1638,102.4277,H,H,H,-,B,B,H,H,H,H,H,A,H,H,A,A,A,H,H,H,B,B,B,B,B,B,A,A,A,A,A,A,A,A,A,A,-,-,A,A,A,H,H,H,H,H,H,H,A,-,A,A,-,H,H,-,H,H,A,A,A,A,-,H,H,H,H,H,A,A,A,B,B,H,H,H,A,A,A,A,A,A,A,A,A,H,H,H,H,H,H,H,H,H,A,A,A,A,A,A,A,H,A,H,H,H,H,H,-,A,A,H,H,A,-,H,H,H,B,H,H,H,H,H,H,H,H,-,A,A,A,A,A,A,A,H,A,-,A,A,A,H,B,B,B,B,B,B,H,H,H,H,A,H,H,H,H,H,H,H,H,-,H,H,H,H,H,H,H,B,B,B,B,-,B,B
15.0289,1.4954,146.5162,-,H,H,-,H,H,H,H,H,H,H,H,A,-,A,A,A,A,A,H,H,H,A,A,-,A,H,B,B,B,B,B,B,B,H,A,A,H,H,H,H,H,H,H,B,B,B,B,H,A,A,H,H,H,H,H,-,H,B,B,B,B,B,B,-,B,B,H,B,B,H,H,H,B,B,B,A,A,A,A,A,A,A,H,H,B,B,B,B,B,B,B,H,H,H,H,A,A,A,H,H,H,A,A,A,A,H,H,H,H,H,H,B,B,B,B,B,B,B,B,-,H,H,H,H,A,A,-,B,B,B,B,B,B,B,B,A,-,A,A,H,H,H,H,H,H,H,H,H,-,H,H,H,B,-,B,B,B,H,H,H,H,H,H,H,H,H,H,H,H,H,H,-,H,B,-
10.8528,1.168,105.7687,B,-,B,-,H,H,H,H,H,-,H,H,H,H,H,H,H,H,A,A,H,A,H,H,H,H,H,A,A,A,A,A,A,A,A,A,A,H,H,-,H,H,H,H,H,H,-,H,A,A,A,-,A,A,H,H,H,H,H,H,H,B,B,H,B,B,B,H,H,A,H,A,A,A,A,H,A,A,A,A,A,A,A,A,A,A,A,H,H,H,H,H,H,H,H,H,A,A,H,H,H,H,H,H,A,A,A,A,A,-,A,B,B,B,B,B,B,B,B,H,H,-,B,B,B,B,H,B,H,H,H,H,A,A,A,A,H,H,H,H,-,B,B,B,-,B,H,H,H,H,H,H,H,A,A,-,H,B,B,B,B,-,H,H,H,H,H,H,H,H,H,H,B,-,B,B
9.6113,0.9511,109.6018,H,A,H,-,B,B,B,B,B,-,B,B,B,B,A,A,A,A,H,H,H,-,H,-,B,B,B,B,H,H,H,H,H,H,H,H,B,B,B,A,A,A,H,H,H,H,H,H,A,H,H,H,H,H,-,H,H,H,B,H,H,H,-,H,-,H,H,A,A,A,H,A,A,A,H,H,H,H,A,-,A,A,A,H,H,-,A,A,A,A,A,H,H,H,H,H,H,B,B,H,H,H,H,H,-,H,B,B,B,B,B,H,H,H,B,B,B,B,B,H,H,H,H,A,A,A,A,A,B,B,B,B,B,B,B,B,H,-,H,H,H,H,A,A,A,H,H,H,H,H,H,H,H,-,H,H,H,H,H,H,H,-,H,H,H,H,H,A,H,A,A,A,A,H,-,H
9.5525,1.0067,97.0793,H,H,B,-,B,H,H,H,H,H,H,H,H,H,B,B,B,B,B,B,H,H,H,H,B,B,H,H,B,H,-,H,A,A,A,H,H,B,B,H,H,H,H,-,H,H,H,H,B,H,-,H,H,A,H,H,H,H,A,A,A,A,H,A,H,H,H,A,H,B,B,B,B,B,B,B,-,H,A,A,A,A,A,A,A,A,A,A,A,A,A,A,A,A,B,B,B,B,B,H,H,H,H,H,H,H,H,H,H,H,H,A,A,A,-,A,A,H,H,B,B,B,H,A,A,A,A,A,A,A,H,H,H,H,H,H,A,A,-,A,A,B,B,B,B,B,B,B,B,B,H,H,H,B,B,B,B,B,B,B,B,B,H,H,A,-,-,A,H,A,H,A,A,-,A,A
9.2232,0.9397,122.6961,H,B,B,B,B,B,-,B,B,B,B,B,B,B,A,H,H,H,H,H,-,A,A,A,-,H,B,B,H,H,H,A,A,A,A,A,A,A,A,H,H,B,H,H,H,H,H,H,B,B,B,B,B,B,B,B,H,H,H,H,H,H,B,H,H,H,H,A,A,A,A,-,A,A,-,A,A,A,H,H,H,H,A,A,A,B,B,H,H,H,A,A,A,A,H,A,A,A,H,H,A,A,H,B,B,H,H,H,H,H,H,B,B,B,B,-,-,-,A,A,H,H,H,H,A,H,A,H,H,H,H,H,H,H,H,H,A,A,A,H,H,H,H,H,H,H,H,H,-,B,B,H,A,H,H,H,H,H,H,H,-,-,-,A,A,A,A,A,A,H,H,B,B,B,B,B
11.7629,1.1163,102.9608,A,A,A,-,A,H,H,H,H,H,H,H,H,H,H,H,H,H,H,H,H,H,A,A,A,A,A,H,H,H,H,H,H,H,H,H,H,-,H,A,A,H,H,H,H,H,H,H,H,H,H,A,H,H,H,H,-,H,H,H,H,H,H,B,B,B,B,H,H,H,B,H,-,H,-,H,A,A,A,A,A,A,A,A,A,B,B,B,B,B,B,B,H,H,B,H,H,H,H,A,-,A,H,B,B,H,H,H,H,H,H,-,-,A,A,A,A,-,A,H,H,H,H,H,H,H,H,H,H,H,A,A,A,A,A,H,A,-,H,H,H,H,H,H,H,H,A,A,A,A,A,A,A,A,H,H,B,B,B,B,B,-,A,A,A,A,A,A,A,B,H,H,H,H,H,H
11.8813,1.2282,86.2435,H,H,H,A,A,A,A,A,-,H,A,A,H,H,H,H,H,H,B,B,B,B,B,B,B,-,H,H,H,H,H,H,H,H,H,H,H,A,A,B,B,B,H,H,H,H,H,A,B,B,B,B,B,B,B,H,H,H,A,H,H,H,B,B,H,H,H,A,A,A,H,H,A,A,H,H,A,A,A,A,H,A,A,A,A,H,H,H,B,B,B,B,A,A,B,H,H,H,H,H,H,-,A,H,H,H,H,A,H,H,A,-,A,A,A,A,H,H,H,H,H,H,H,H,H,H,H,H,H,A,-,H,H,H,B,B,B,B,B,B,-,H,H,H,H,A,A,A,A,A,-,H,H,A,H,A,H,H,H,-,H,-,A,A,A,A,A,A,A,A,A,-,H,H,H,H
10.1107,1.1086,113.403,B,B,B,-,B,B,B,-,H,A,A,A,A,A,H,H,H,H,H,H,H,H,H,H,H,H,B,B,H,H,B,A,A,A,A,A,A,H,H,A,A,A,A,-,H,H,H,H,A,-,A,A,A,A,H,H,H,H,H,H,H,H,-,A,A,A,A,A,A,A,B,H,H,H,H,H,B,B,B,B,H,A,A,A,A,H,A,H,H,A,A,A,A,-,B,B,B,-,B,H,H,H,H,H,H,H,H,H,H,A,A,H,B,B,B,B,B,B,H,H,H,H,-,B,B,B,H,H,H,H,H,A,A,A,A,H,H,-,H,H,H,H,H,B,B,H,H,H,H,B,B,H,H,B,B,B,B,B,B,A,A,A,A,A,B,A,A,B,B,A,A,A,A,A,A,A
8.708,0.9562,111.7263,H,H,H,H,H,H,H,H,B,B,B,B,B,B,B,B,H,H,A,H,H,H,H,A,H,H,A,H,A,H,H,-,H,H,H,B,B,B,B,A,A,H,H,H,H,H,H,H,B,H,B,B,B,B,B,B,B,B,A,A,A,A,A,H,H,H,H,B,B,H,H,B,H,H,H,-,B,B,B,B,B,H,A,A,-,H,H,H,H,H,H,H,H,H,H,H,H,A,A,H,B,B,H,H,H,H,H,-,H,H,H,H,H,A,A,H,H,H,H,B,B,B,B,B,B,H,H,A,H,H,H,H,H,-,H,H,-,A,H,H,H,H,H,H,H,B,B,B,B,B,B,H,H,B,B,B,B,B,B,B,B,A,H,H,H,H,H,H,H,H,H,H,H,H,H,H
11.2519,1.0397,95.2434,H,H,-,-,B,B,H,B,B,B,B,H,H,A,B,B,B,H,H,H,B,H,H,H,H,H,A,H,H,H,H,H,H,H,A,A,A,A,H,H,H,H,H,H,H,-,H,H,-,A,H,H,H,H,H,-,A,-,H,H,H,H,B,H,H,H,H,B,B,B,H,B,B,B,B,-,A,H,H,H,H,H,H,H,H,A,A,A,H,H,H,H,H,A,H,H,H,H,H,H,H,H,B,B,B,B,B,H,H,H,H,H,H,H,B,H,H,A,A,H,-,B,B,B,B,B,B,A,A,A,A,A,A,A,-,H,H,-,B,B,B,H,H,A,H,A,A,A,A,H,H,H,H,A,H,H,H,H,A,A,A,-,H,A,H,A,A,H,H,H,H,H,H,B,B,B
10.1716,1.0021,79.3451,B,B,B,B,B,B,B,B,B,H,H,H,H,-,-,H,H,H,H,H,H,H,B,B,-,H,B,H,-,H,H,H,H,H,H,H,-,H,H,H,H,H,H,H,H,H,H,-,B,B,B,B,B,H,H,H,H,H,A,H,H,H,B,B,B,B,B,H,H,A,B,A,A,A,A,A,B,B,B,B,B,-,B,B,B,A,-,A,A,A,A,H,A,H,B,B,B,B,H,H,H,H,A,A,A,A,H,H,H,H,H,H,H,-,-,B,B,B,B,H,H,H,H,H,H,H,H,H,H,H,H,H,H,H,B,B,H,-,A,-,A,H,B,B,B,H,H,H,H,H,-,H,H,A,A,A,-,H,H,H,H,-,A,A,A,A,A,A,A,H,H,B,B,B,B,H
10.3556,1.0554,93.4972,A,A,A,A,H,H,H,H,-,H,H,H,A,A,H,H,H,H,H,H,H,-,H,H,H,H,H,H,H,H,H,H,H,H,H,H,H,H,H,H,H,H,H,H,H,B,B,H,B,B,B,B,B,B,B,B,B,H,B,B,B,B,H,H,H,-,H,H,H,H,-,H,H,H,H,H,H,H,H,H,H,H,H,H,H,A,A,A,A,A,A,A,A,H,B,B,B,B,B,B,H,H,H,H,B,B,B,B,B,H,H,A,A,A,H,H,H,H,B,A,A,-,A,A,A,A,A,-,A,A,A,A,A,A,A,A,A,-,H,H,H,H,H,H,B,H,H,A,H,H,H,-,H,H,-,H,B,B,B,B,-,-,A,A,B,H,-,B,H,H,H,H,H,H,H,H
8.0799,0.8664,73.7695,H,H,H,-,H,H,H,H,H,H,H,H,H,B,A,H,H,A,A,A,-,A,H,H,H,H,B,B,H,H,H,H,-,H,H,B,H,A,H,B,H,H,H,A,A,A,A,A,B,B,B,B,A,A,-,A,A,H,H,H,B,B,B,B,B,B,B,A,A,H,H,H,H,-,H,H,B,B,B,B,B,B,H,H,H,B,B,B,B,B,B,H,H,H,H,H,H,H,H,-,B,B,B,B,H,H,H,H,H,H,H,H,H,H,B,H,H,H,H,H,H,B,B,B,H,H,H,H,A,A,H,H,B,B,B,B,B,-,B,B,B,B,B,H,H,H,B,H,H,B,B,B,H,B,B,H,H,H,-,H,H,-,H,H,H,H,H,H,H,A,-,A,A,A,A,A
11.4106,1.1316,88.6377,H,H,B,-,A,A,A,A,A,A,A,A,A,A,-,A,A,A,A,A,A,A,A,-,A,A,B,H,H,H,H,H,H,H,H,H,H,A,A,A,A,A,A,A,A,A,A,A,H,H,H,A,A,-,H,H,H,A,H,H,B,H,H,B,H,H,H,H,-,A,H,A,A,A,H,H,A,-,H,H,H,B,B,B,B,A,A,A,A,A,A,A,A,A,H,H,H,H,H,B,B,H,H,A,H,B,H,H,A,A,A,H,H,H,H,H,H,H,H,A,A,A,A,A,A,A,A,A,A,H,H,H,H,H,H,A,H,-,H,H,H,A,H,H,H,B,B,B,B,B,B,B,B,A,H,A,-,A,H,H,H,-,H,H,B,H,H,H,B,H,-,B,B,B,B,B
10.6819,1.025,131.8717,H,H,B,-,B,B,B,H,H,H,-,H,H,H,H,H,H,H,H,-,H,H,A,A,A,A,B,B,H,H,H,A,A,A,A,A,H,H,A,H,H,B,B,A,A,-,A,H,H,H,H,H,A,A,H,B,B,B,B,B,B,B,B,B,B,B,B,H,H,H,H,H,H,H,H,H,A,A,A,A,A,A,A,-,-,H,H,B,B,B,B,B,B,H,H,H,H,-,H,H,H,B,A,A,A,A,A,A,A,H,H,H,H,H,-,H,H,-,H,-,A,A,A,H,H,H,H,H,H,H,H,H,H,H,A,A,H,-,H,H,H,H,H,H,H,H,H,H,H,H,H,-,H,A,A,A,A,A,A,H,A,-,H,H,H,H,H,H,A,H,-,H,H,H,A,A
10.0833,1.0613,95.3068,H,B,H,H,H,H,A,A,A,-,A,A,A,H,-,H,H,H,-,H,H,H,H,H,H,H,H,H,H,H,H,H,H,B,H,B,B,B,B,B,B,H,H,H,H,H,H,H,-,B,H,H,H,H,H,H,A,A,H,H,A,A,H,A,A,A,A,A,A,H,H,H,H,H,H,H,B,H,H,H,H,A,A,A,A,B,B,B,H,H,H,H,H,H,H,H,H,-,H,H,H,H,H,H,H,H,H,H,H,H,B,B,B,B,B,B,B,B,H,B,B,B,-,H,H,H,H,H,H,H,H,H,H,H,H,H,A,A,A,H,H,H,H,H,B,H,H,B,B,H,H,H,H,A,H,H,H,H,H,H,H,-,A,A,H,A,A,A,H,B,B,B,B,B,B,B
8.4452,0.8456,81.4146,A,H,H,H,B,H,H,H,H,H,H,-,B,B,H,H,H,H,A,A,H,B,B,B,B,B,H,H,H,H,H,H,H,A,A,A,A,A,A,H,-,H,H,H,H,H,-,-,H,H,H,H,H,A,A,A,A,H,B,B,B,B,B,B,B,H,H,A,A,A,A,H,H,H,H,B,H,H,H,H,H,H,A,A,H,H,H,H,H,H,H,H,H,H,A,A,B,B,B,B,B,B,A,A,A,A,A,A,A,A,A,H,H,H,B,H,H,H,H,A,H,H,H,H,A,A,A,B,-,H,H,H,H,A,H,H,A,-,A,A,A,A,A,H,A,H,H,-,H,H,B,B,B,B,H,H,H,H,H,A,A,-,A,A,A,A,A,A,A,B,B,B,B,B,B,B
8.511,0.8085,93.5439,H,H,H,-,H,H,H,H,H,H,H,H,A,A,H,H,H,H,H,H,H,B,B,B,B,B,A,A,H,H,H,H,H,H,H,H,H,H,H,H,H,H,H,H,H,H,H,B,H,H,H,H,H,H,H,H,H,H,A,A,A,A,H,A,A,A,H,A,A,A,B,H,H,B,B,B,H,H,H,-,H,H,H,H,H,B,B,H,H,H,H,H,H,H,H,B,B,H,H,A,A,A,-,H,H,H,A,A,A,A,A,H,A,A,A,A,A,A,A,H,H,H,H,A,-,H,H,H,B,B,H,H,H,H,H,-,B,B,B,B,-,B,B,H,B,A,A,A,A,A,A,A,A,A,A,A,A,A,A,A,H,-,B,B,B,B,B,B,H,H,H,H,H,H,H,H
9.5371,1.0252,80.8197,H,H,H,-,H,H,A,A,A,A,A,A,A,A,H,B,B,B,B,B,B,B,B,B,B,B,H,H,H,H,H,H,H,H,A,A,A,-,A,H,H,H,H,H,H,B,B,B,-,A,A,A,A,A,A,A,A,-,B,A,A,A,-,A,A,A,A,H,H,-,B,B,H,H,B,B,A,A,A,A,H,B,B,B,B,A,A,A,A,A,A,A,-,A,B,H,H,A,A,A,A,A,H,H,H,H,H,H,H,A,A,H,H,-,B,A,A,A,A,B,B,B,B,B,B,H,H,H,H,H,H,H,H,H,H,-,B,-,B,B,B,B,B,B,H,H,H,H,A,A,-,H,H,H,A,-,A,A,A,A,A,-,H,H,H,B,H,H,H,H,B,B,B,B,B,B
9.5514,0.9961,97.0373,H,H,A,A,A,A,H,H,H,H,H,H,B,B,A,A,A,H,H,H,H,H,B,B,B,B,H,H,B,H,H,H,A,A,A,A,A,-,A,B,B,B,B,B,B,H,H,A,A,A,A,A,A,A,A,A,A,A,H,H,H,H,B,B,B,B,-,A,A,H,A,H,H,H,H,H,A,A,A,H,H,H,H,H,-,A,A,A,A,-,A,A,H,H,A,A,A,A,A,-,H,-,A,A,A,A,A,H,A,A,H,B,B,B,B,B,B,B,-,B,B,H,H,H,H,H,H,H,A,H,H,H,H,H,H,H,H,H,A,A,A,A,A,A,A,A,A,A,H,H,B,B,B,H,H,-,H,H,H,H,H,-,H,A,H,A,H,H,H,H,H,A,A,A,A,A
8.5908,0.8361,96.5023,A,H,H,H,H,H,B,H,H,H,H,A,A,A,-,B,B,H,H,H,H,H,B,B,B,B,H,H,H,H,B,B,B,B,H,H,H,H,H,A,H,H,H,H,H,H,H,H,H,H,H,B,B,H,H,H,H,H,B,B,B,B,H,B,B,B,B,B,B,B,A,B,B,H,H,H,A,A,A,A,A,A,H,A,H,H,H,H,H,H,A,A,A,A,A,H,H,B,B,H,H,H,B,B,B,B,B,B,B,B,B,H,H,H,H,H,H,H,H,H,H,A,A,A,A,A,A,A,H,B,B,B,B,-,B,B,H,-,H,H,H,-,H,H,H,H,H,H,H,B,H,H,H,H,H,H,H,H,H,H,H,-,A,A,A,H,A,A,H,H,H,H,H,H,H,H
9.1013,0.9441,99.7742,H,-,H,H,H,A,H,H,H,H,H,H,H,H,H,H,H,H,H,H,H,H,H,H,H,H,H,H,H,H,H,H,A,A,A,H,B,B,B,H,H,H,H,H,H,H,H,H,A,H,-,B,B,B,B,B,B,B,H,-,H,B,B,H,-,H,H,H,A,A,B,A,H,H,H,H,B,B,B,B,B,B,B,B,H,B,B,B,B,B,B,B,B,H,H,B,B,B,B,B,B,B,A,A,A,A,-,H,H,H,A,B,B,H,B,B,B,B,H,-,H,-,H,H,H,H,H,H,H,H,H,H,B,B,B,B,H,-,H,H,H,A,A,A,A,H,H,B,B,H,H,H,H,A,A,A,A,H,H,H,H,-,H,H,A,H,H,H,A,H,H,H,H,H,B,B
10.3372,0.9461,95.133,B,B,B,B,B,B,B,B,B,B,B,B,B,B,A,-,A,A,-,H,H,H,H,A,A,A,H,H,B,H,B,B,B,H,H,H,H,H,A,H,H,H,H,H,B,B,B,B,A,A,A,A,-,A,A,A,A,A,B,H,H,H,H,H,H,A,H,H,H,A,A,H,H,H,H,-,H,H,H,H,A,A,H,B,B,H,H,A,A,A,H,-,H,A,A,A,A,A,A,A,B,-,H,A,A,H,H,-,H,H,H,H,B,B,B,B,B,-,-,H,B,B,B,B,H,A,A,H,-,A,A,A,A,A,A,A,H,H,H,H,H,H,H,H,H,A,H,H,B,H,H,H,H,H,H,A,A,A,A,A,A,-,H,H,H,H,H,H,A,-,-,H,H,B,B,B
8.72,0.9071,77.2087,A,A,A,A,A,-,A,A,H,B,B,B,B,B,H,H,B,B,B,B,B,B,H,H,H,A,B,H,A,A,A,A,A,-,A,A,H,H,A,B,B,B,B,B,B,-,B,B,A,A,A,A,H,H,H,H,H,H,H,H,H,H,A,H,H,H,H,A,A,A,H,A,A,H,H,H,B,B,B,B,B,B,H,H,B,H,H,H,H,H,H,H,H,H,H,H,A,A,H,A,A,A,H,H,-,H,H,H,H,H,H,A,-,A,H,H,H,H,H,H,H,B,B,B,B,B,B,B,B,B,H,H,-,-,A,A,H,-,H,-,H,A,A,H,H,A,A,H,H,H,H,A,A,H,H,H,B,B,B,B,B,-,H,H,H,H,H,H,H,A,A,A,A,H,H,-
7.6202,0.8501,85.0017,H,H,H,H,H,H,B,B,B,H,H,H,H,-,H,H,H,H,H,H,H,H,H,H,H,H,A,A,A,A,A,A,A,H,H,H,H,H,H,H,H,H,H,H,H,A,A,B,B,B,H,H,A,A,A,A,H,H,H,A,A,-,H,H,H,H,H,H,B,H,B,A,A,A,B,B,H,H,H,H,H,H,H,A,A,B,B,B,B,B,B,B,B,B,H,B,B,B,H,H,H,H,H,H,H,H,B,H,A,H,H,H,H,H,H,H,H,H,H,H,H,H,-,H,H,H,A,A,H,H,H,H,H,H,-,H,H,H,A,A,A,H,H,H,H,B,B,H,B,B,B,B,H,A,A,A,A,A,A,A,A,-,H,-,H,H,H,H,H,H,H,H,H,H,-,H
11.8921,1.1946,88.6136,A,A,A,-,-,A,A,A,A,A,-,A,A,A,H,H,H,H,H,H,H,H,H,H,H,-,H,H,H,H,H,H,H,H,H,H,H,H,H,A,H,H,-,A,-,H,B,B,A,A,A,A,A,H,H,H,H,H,A,A,A,A,A,A,H,H,H,A,A,A,H,A,A,A,A,A,A,A,H,H,H,H,H,H,H,A,A,A,A,H,H,H,H,H,H,-,H,A,H,H,H,H,H,H,H,H,H,B,B,-,B,A,A,A,-,A,A,A,A,B,B,H,H,H,H,H,H,H,H,A,A,A,A,A,A,A,B,B,B,B,B,H,H,H,-,H,H,H,H,H,H,B,B,H,H,A,A,A,A,A,A,-,H,H,H,H,H,H,H,A,A,A,A,A,A,A
11.7426,1.2616,100.9298,-,H,H,-,H,H,B,B,B,B,B,B,B,B,H,A,A,A,A,A,A,-,H,H,A,A,H,H,B,B,B,B,B,B,B,B,B,B,B,H,H,H,-,H,H,A,A,H,H,A,A,A,A,A,A,A,H,H,H,H,H,H,H,B,B,B,B,B,H,H,B,H,H,H,H,H,H,H,H,H,A,A,A,A,A,A,A,A,A,A,A,A,A,H,B,B,B,B,H,H,H,H,H,H,H,B,B,A,A,H,H,H,H,H,-,H,A,A,A,A,A,-,A,A,A,-,A,A,H,H,H,H,H,H,H,H,H,-,H,B,B,H,-,B,H,H,B,B,B,B,H,-,H,A,A,A,A,-,A,A,A,-,H,H,B,B,B,B,B,B,B,B,B,B,B,B
9.1522,0.8831,96.5367,B,B,B,-,B,B,B,H,H,-,B,-,B,B,A,A,A,A,A,H,H,H,H,H,H,H,A,A,A,A,A,A,A,A,A,A,A,A,A,H,H,H,H,H,H,H,H,H,A,A,H,H,H,H,H,B,B,B,-,B,H,H,H,H,H,H,H,B,B,B,H,B,B,H,A,A,A,H,H,H,H,-,H,A,A,A,A,A,A,A,A,A,A,A,H,H,H,H,H,B,H,H,A,H,H,B,B,B,H,H,H,H,H,H,H,H,H,H,H,H,H,H,B,H,H,H,H,H,H,H,H,B,B,H,B,B,H,H,A,A,A,A,H,H,H,B,B,B,B,B,B,H,H,B,B,B,B,B,B,H,H,-,H,H,B,B,B,B,B,B,B,B,-,A,A,H
8.2892,0.7662,104.3473,-,B,B,B,H,H,H,H,H,H,H,H,H,H,H,H,H,H,H,H,H,H,H,H,H,H,H,H,A,H,B,B,B,B,H,H,B,B,B,B,H,-,H,B,B,B,B,B,B,B,B,B,B,H,A,A,A,A,H,H,H,H,H,H,H,H,A,A,A,A,H,B,H,H,H,H,H,H,H,H,B,H,H,H,H,H,H,H,H,H,H,H,H,H,H,H,H,H,H,H,A,A,B,B,B,B,B,H,H,H,-,A,H,H,A,A,A,A,-,H,H,A,A,A,A,A,A,A,A,-,H,H,H,H,B,B,B,-,H,H,-,H,H,H,H,B,B,-,B,B,H,H,H,A,A,H,H,A,A,A,A,-,A,A,H,A,H,A,H,-,A,A,H,H,A,A
8.7804,0.9195,112.625,H,H,H,H,H,H,A,A,A,A,A,A,-,A,H,H,H,A,A,A,A,A,A,A,-,A,H,H,H,H,H,H,A,A,A,A,H,B,B,H,B,B,-,H,A,A,A,A,H,H,H,H,H,A,H,H,H,H,H,-,H,-,H,A,A,A,A,B,B,B,H,B,B,B,B,B,H,H,-,A,A,A,A,A,-,-,H,H,H,H,A,H,A,A,H,B,B,B,B,B,B,B,B,H,H,A,H,H,H,B,B,H,H,H,H,H,H,H,H,A,A,A,A,A,A,A,-,A,H,H,H,H,H,H,H,H,A,-,A,A,A,H,H,H,H,-,H,-,H,B,B,B,B,B,B,-,B,H,H,H,H,H,A,A,A,A,H,H,H,B,B,B,B,B,B,H
9.6428,0.9333,112.1919,A,A,A,-,A,A,A,A,H,H,H,A,H,A,H,H,H,H,H,H,H,H,H,B,B,B,A,A,A,H,H,H,A,A,H,H,H,H,H,H,A,A,A,A,-,A,A,A,B,B,B,B,H,H,H,H,H,H,H,B,B,H,H,H,B,B,B,H,A,A,B,A,H,H,H,A,H,B,B,H,H,B,B,H,H,B,B,B,H,H,H,H,H,H,B,B,B,B,B,B,B,B,A,A,A,A,A,H,H,H,H,H,H,H,H,H,H,A,H,H,H,H,H,H,A,A,A,A,A,A,A,H,H,H,H,H,H,-,H,B,B,B,B,H,-,H,A,H,H,H,H,H,H,H,H,B,B,B,H,H,H,-,B,B,B,H,-,H,B,H,H,H,H,H,H,H
7.8782,0.7263,69.0577,H,A,A,-,A,A,A,A,A,A,A,A,A,A,H,H,H,H,-,H,H,H,H,H,H,H,A,A,A,A,A,H,H,H,H,H,H,H,H,H,H,H,H,H,H,H,H,H,-,H,H,-,H,H,H,H,H,H,H,H,H,H,H,H,H,B,B,B,B,B,A,B,B,A,A,A,B,H,H,H,B,-,B,-,B,-,B,B,H,-,H,H,H,H,A,A,H,A,A,A,A,A,-,A,A,A,H,H,H,-,B,A,A,A,H,A,A,A,A,B,B,H,H,H,-,-,H,H,B,B,B,B,B,B,B,B,B,-,B,B,B,B,B,B,B,A,A,A,A,A,A,A,A,H,B,B,H,H,H,H,H,H,B,H,A,A,A,A,A,H,B,B,B,B,B,B
9.135,0.9855,102.0724,A,A,A,-,A,-,A,A,A,A,A,A,A,A,A,A,A,H,H,H,H,H,H,H,-,-,A,H,H,B,B,B,-,B,H,B,H,H,B,B,B,B,B,B,B,B,B,B,H,B,B,B,B,H,H,H,A,A,B,H,A,A,H,H,H,-,H,H,H,H,A,B,H,H,H,H,B,B,-,-,B,B,B,H,H,B,B,B,B,H,H,H,H,H,A,A,A,H,H,H,B,B,A,A,A,A,A,A,A,A,A,B,H,H,H,H,-,H,H,H,H,H,H,A,A,A,A,A,A,A,A,A,A,A,A,A,B,B,B,B,B,H,B,B,B,H,H,B,H,H,-,H,H,H,H,H,H,A,A,A,A,A,H,H,B,H,H,H,H,A,A,A,A,-,A,A
7.0303,0.7596,104.2427,H,H,H,H,H,H,H,H,-,H,H,H,A,-,B,B,B,B,B,H,H,H,H,H,H,H,A,A,A,A,A,A,A,A,A,H,H,H,H,H,H,H,H,A,H,H,H,H,A,A,A,A,A,A,A,A,A,A,H,A,A,H,H,H,H,H,H,A,A,A,H,H,H,B,B,H,H,H,H,A,A,A,H,B,-,B,B,H,H,A,H,A,A,A,H,H,H,H,H,H,H,H,B,B,B,B,B,-,B,B,B,B,B,B,B,B,B,B,B,B,B,B,B,B,B,B,B,B,A,A,A,H,H,H,H,H,A,-,A,H,A,-,A,H,A,H,H,H,H,H,H,A,H,A,A,A,A,A,A,A,B,-,H,H,H,H,H,H,H,A,A,A,H,B,B,H
10.09,1.0561,95.6953,A,A,A,-,A,A,A,H,H,H,H,H,H,H,H,H,H,H,H,H,B,B,B,B,B,B,H,H,H,H,H,B,B,H,H,A,A,A,A,H,H,A,A,-,A,H,H,H,H,H,H,H,H,H,H,A,A,A,H,H,H,B,H,-,H,H,H,H,H,B,B,B,B,B,-,B,B,B,H,H,A,H,H,H,H,H,H,H,A,B,B,H,A,A,B,H,H,H,H,H,A,A,B,B,H,H,H,H,H,H,H,A,A,H,H,H,H,A,A,B,B,B,B,B,B,B,B,H,B,H,B,B,B,B,B,B,H,-,H,A,A,A,H,H,H,H,H,H,H,A,A,A,A,H,H,-,H,H,H,H,H,-,-,B,B,B,B,B,B,A,A,A,H,H,H,H
9.7386,0.8713,95.2032,H,H,H,H,H,H,H,H,H,H,H,H,H,B,B,B,B,B,H,B,B,B,B,B,H,B,A,A,-,A,A,A,A,A,A,A,A,A,A,H,H,-,H,H,H,A,H,H,H,H,H,H,H,H,H,H,H,H,B,B,B,B,B,B,B,B,H,H,H,H,B,H,H,H,H,H,A,A,H,H,B,B,B,B,B,A,A,B,-,B,B,B,B,B,B,B,B,B,B,B,B,H,B,H,H,H,-,H,H,H,H,H,H,H,A,H,H,H,-,H,H,A,A,A,A,A,H,A,A,A,A,A,A,A,A,A,B,-,H,H,H,H,H,B,B,H,H,A,A,H,H,H,H,A,H,H,B,B,B,B,H,-,A,A,A,A,A,A,A,A,A,A,-,-,H,H
11.2605,1.1515,110.2264,B,B,B,B,B,H,-,H,H,H,H,H,H,H,H,-,A,A,A,A,A,A,A,H,H,H,H,H,A,A,A,A,A,A,A,A,A,A,A,A,A,A,H,H,A,-,A,A,H,A,H,A,-,H,H,H,H,H,H,H,H,H,H,H,-,H,H,H,-,H,B,H,H,H,H,H,H,H,A,A,A,H,H,B,B,B,B,-,B,B,B,B,B,B,B,H,H,H,H,H,H,H,H,H,H,A,A,A,A,A,A,H,H,H,H,H,H,H,H,B,B,B,H,H,H,H,H,H,B,H,H,H,A,A,A,H,H,-,H,-,A,A,A,-,A,A,A,A,A,B,B,B,B,A,A,A,A,A,H,A,A,-,H,H,B,B,B,B,B,A,A,A,H,A,A,A
12.3144,1.1954,87.8443,H,H,H,H,A,-,A,A,H,H,-,H,B,B,-,H,H,H,H,H,H,H,H,H,H,A,H,H,H,H,H,H,H,H,H,H,H,H,H,A,H,H,H,H,B,B,B,B,B,H,A,B,B,B,-,H,H,H,A,A,-,A,A,H,-,H,H,H,H,H,H,B,H,A,A,A,A,A,A,A,A,A,A,A,H,-,A,H,H,H,H,H,H,H,-,H,H,-,H,H,H,H,H,H,-,H,H,H,H,H,H,-,B,B,-,B,B,B,B,B,B,B,B,B,B,B,H,H,H,H,H,H,H,H,H,H,A,A,A,A,A,A,A,A,A,H,-,B,B,B,B,H,B,H,H,H,H,H,-,H,H,-,H,H,A,-,A,A,B,A,A,A,A,A,A,A
9.0266,0.9346,68.8514,H,H,H,H,H,H,H,H,B,B,H,H,B,-,H,H,-,H,H,B,B,B,H,H,H,H,H,A,H,B,B,H,H,H,H,H,H,H,H,H,H,H,H,H,H,H,H,H,H,H,A,A,A,A,H,H,H,H,A,A,A,-,H,H,-,A,A,B,B,B,A,H,H,H,H,H,H,H,B,H,H,H,H,H,H,H,H,H,A,A,A,H,H,H,A,A,A,A,A,A,H,-,-,H,-,H,H,H,H,A,A,H,B,-,B,B,B,B,B,H,H,H,H,H,H,H,H,H,A,A,A,A,A,-,A,A,H,H,B,B,H,H,H,H,H,H,H,H,-,H,H,H,H,B,B,B,H,H,H,H,A,A,A,H,H,H,H,H,H,H,H,H,A,A,A,A
8.9556,0.8763,110.6342,H,H,H,-,H,H,H,H,H,B,H,H,H,-,B,B,B,B,H,A,A,A,A,A,-,A,H,H,A,A,H,H,H,H,H,B,H,H,H,-,B,B,H,H,H,B,B,B,H,-,H,H,H,H,H,H,H,H,B,B,B,B,B,B,B,B,B,A,A,A,H,A,A,A,A,A,H,H,H,H,H,H,A,A,A,A,A,A,A,A,-,A,A,A,A,H,H,H,H,H,A,A,H,H,H,H,H,A,A,A,A,H,H,H,H,H,H,H,H,B,B,A,A,A,A,A,A,-,H,B,B,B,B,B,H,H,H,-,B,H,B,-,H,H,-,H,H,H,H,H,H,H,B,H,H,B,H,H,H,H,H,-,H,H,A,H,H,A,H,H,H,H,H,H,H,H
9.5857,1.0151,115.6096,H,H,H,H,H,B,B,H,H,A,A,A,A,A,A,A,H,H,H,H,A,A,A,-,-,A,-,H,H,H,H,H,H,H,H,H,H,H,H,H,H,H,H,H,H,A,A,A,B,B,B,B,B,B,B,H,H,B,H,B,B,B,-,H,H,B,B,H,H,A,H,A,-,H,H,H,A,A,A,A,A,-,A,A,A,-,H,H,H,B,B,H,A,B,B,B,B,H,H,H,H,H,A,A,A,A,A,A,A,A,A,H,H,H,B,H,H,H,H,A,A,A,A,A,H,H,H,H,A,H,H,H,H,H,H,H,H,A,A,A,A,-,A,A,A,H,A,A,A,A,A,A,A,H,H,H,B,H,H,H,H,-,H,H,B,H,-,H,-,H,H,H,A,A,A,A
8.3228,0.8336,72.2931,H,H,H,H,H,H,H,H,H,H,B,B,B,H,H,H,H,H,-,-,H,H,H,-,-,B,H,H,H,H,H,H,H,H,H,H,H,H,H,-,A,A,A,A,A,A,A,A,H,H,H,H,H,H,A,A,A,A,H,H,-,A,A,A,A,A,A,H,H,H,H,H,H,H,B,B,B,-,H,H,H,B,-,H,H,H,H,H,H,H,H,H,H,H,H,A,A,A,A,-,A,A,B,B,B,B,H,H,A,A,A,H,H,H,H,H,H,H,H,A,A,-,H,H,H,H,H,H,A,H,H,H,H,B,B,B,B,-,B,B,B,B,B,H,H,A,A,A,A,A,A,A,A,H,H,H,H,H,H,H,H,-,A,H,B,-,H,B,B,A,A,A,A,A,A,A
10.5662,0.9477,81.977,A,H,H,-,B,B,B,H,H,H,A,A,A,A,H,H,H,H,B,B,B,B,B,H,H,H,H,H,H,H,H,H,H,H,H,H,H,H,H,H,A,A,H,H,H,H,-,H,A,A,A,A,A,A,A,A,A,A,H,H,A,A,A,A,A,A,A,A,A,-,H,H,H,H,A,A,H,H,H,H,H,H,H,-,B,A,A,A,A,A,A,A,A,A,H,H,H,H,H,H,H,B,H,H,H,H,H,H,H,H,H,H,H,H,H,H,H,H,H,H,H,H,H,H,A,A,A,A,H,H,H,H,H,H,H,H,B,-,H,H,H,A,A,A,A,-,B,B,B,B,B,B,H,B,B,B,B,B,B,B,B,-,H,H,H,-,H,H,H,H,H,H,H,B,H,H
8.4445,0.8845,100.6855,A,A,A,A,A,A,A,A,A,A,A,A,H,H,H,B,B,B,B,B,B,-,H,H,H,H,H,A,A,A,A,A,A,A,H,H,H,B,B,B,B,H,H,H,H,H,H,B,H,H,H,A,A,H,A,H,B,B,H,H,H,H,B,H,H,A,A,A,A,A,H,-,A,H,H,H,A,A,-,A,A,A,A,-,A,B,B,H,H,B,B,H,H,A,H,H,H,H,H,H,H,H,H,H,A,-,A,A,A,A,A,B,B,B,B,B,B,B,B,H,-,B,H,H,H,A,A,A,H,H,A,H,H,H,H,H,H,H,H,A,A,H,H,H,H,A,A,H,A,H,H,H,H,B,H,H,H,H,A,A,H,-,A,A,H,A,A,A,H,H,H,H,H,A,A,A
12.6377,1.2291,123.9717,A,H,H,H,H,A,A,A,A,-,A,H,H,A,H,H,H,H,H,A,A,A,A,A,B,B,A,H,H,H,H,H,H,H,A,A,A,H,H,B,H,B,B,B,B,B,B,B,H,H,H,H,H,A,A,A,A,-,H,-,H,H,H,B,B,B,B,A,A,A,H,-,A,A,A,A,H,H,H,H,H,H,H,H,H,A,A,-,A,H,H,H,H,H,H,-,H,H,H,H,H,B,H,A,H,H,H,H,H,H,H,B,B,B,H,B,B,B,B,H,H,A,A,A,A,A,A,H,B,B,B,B,B,H,H,H,H,H,H,H,H,A,A,A,A,H,B,B,H,A,A,A,A,A,A,A,A,A,A,A,A,-,B,B,H,H,H,H,H,-,B,H,H,H,H,H
10.7447,1.1324,94.774,H,H,A,A,A,A,A,A,A,A,A,A,A,A,A,A,H,H,H,H,B,B,H,H,H,-,H,-,H,H,H,H,H,A,A,A,H,H,H,H,H,H,B,B,B,A,A,A,H,A,-,-,B,B,B,B,H,H,-,B,B,B,B,B,H,H,H,A,A,H,A,B,B,B,B,B,B,-,B,B,B,B,B,B,B,B,B,B,H,H,H,A,A,A,A,A,A,A,H,H,H,A,H,H,H,H,H,H,H,-,H,B,B,B,B,B,B,B,B,H,H,H,H,H,H,H,H,A,B,H,H,H,A,A,A,A,H,H,H,H,H,H,A,A,A,H,H,H,H,H,B,B,B,A,A,A,A,A,A,A,A,-,H,H,B,H,B,B,B,A,A,A,A,A,H,H
7.7771,0.7977,99.546,A,A,A,A,A,-,A,A,A,A,A,A,H,H,A,A,A,A,H,H,B,B,B,B,B,B,A,A,A,A,A,A,A,H,H,H,H,H,H,B,H,H,H,H,H,H,H,H,A,A,H,H,H,H,H,H,H,H,H,H,H,H,H,A,A,A,H,B,B,H,A,B,B,B,B,B,B,B,B,-,B,B,B,-,B,H,H,H,B,H,H,H,H,H,A,A,A,H,H,H,-,H,H,H,B,H,B,B,H,H,H,H,H,H,H,H,H,H,H,A,A,B,B,B,B,B,H,H,B,B,B,B,B,B,B,-,B,-,-,H,H,A,A,A,-,A,H,H,H,A,A,H,H,H,A,A,A,A,A,A,A,A,B,B,B,H,H,B,B,B,B,-,H,H,H,H
9.7895,1.0805,97.0453,H,B,B,B,B,B,B,H,H,H,A,A,A,A,A,A,H,H,H,A,A,A,A,A,A,H,H,H,H,H,H,H,H,H,H,H,H,H,H,H,B,H,H,H,H,H,H,-,H,A,A,H,H,H,A,A,A,H,A,A,-,A,A,A,A,A,A,A,A,A,H,H,A,A,A,H,B,H,H,B,B,B,B,B,B,A,H,H,H,H,B,B,H,H,H,H,A,A,A,H,H,H,H,H,H,H,H,H,A,H,H,H,H,H,H,H,B,B,B,A,H,A,A,A,A,A,A,-,H,H,H,H,-,H,A,B,B,-,B,B,B,B,-,H,H,H,H,H,H,H,H,H,H,B,B,B,H,H,H,H,H,-,B,B,H,B,A,A,H,H,H,H,A,A,A,A
11.018,1.1681,104.1476,H,H,H,H,H,H,H,H,B,B,B,B,B,B,H,H,B,-,B,B,B,H,A,A,A,A,H,H,A,A,A,H,A,A,A,A,A,A,A,B,B,H,H,B,A,A,H,H,B,B,B,H,A,A,A,A,A,A,B,B,-,B,H,B,B,H,H,H,H,H,H,B,B,B,B,B,B,B,B,B,-,-,B,B,H,-,-,H,H,H,H,H,H,H,H,H,H,H,H,H,H,H,B,B,B,B,B,-,H,H,H,A,A,H,H,H,H,H,A,-,H,H,H,H,H,H,H,H,B,B,A,A,A,H,H,-,H,-,B,-,H,H,H,A,A,H,H,H,H,H,H,A,-,H,H,H,H,H,H,-,H,-,H,H,H,H,H,H,H,B,B,B,H,B,B,B
11.7466,1.2568,104.8979,A,A,A,A,A,A,-,A,A,H,H,H,A,A,H,H,H,H,H,H,H,H,H,H,H,B,A,A,A,A,A,A,A,A,A,A,A,A,A,B,B,B,B,B,B,B,B,B,B,-,B,B,B,H,H,H,H,H,H,H,B,B,H,B,B,B,B,B,B,-,B,B,H,B,B,B,H,H,-,H,H,H,B,B,-,H,H,H,A,A,A,H,H,H,B,B,-,H,H,H,H,A,A,H,H,H,H,H,H,H,H,H,H,H,H,H,H,H,H,A,A,A,A,H,H,H,H,H,B,B,B,B,B,-,B,B,H,-,-,H,H,H,H,H,H,H,H,H,H,A,H,H,H,B,A,A,A,A,-,H,H,-,H,H,H,H,H,H,H,A,A,H,H,H,H,H
7.8009,0.6923,80.4886,B,-,H,-,H,H,H,-,H,-,B,B,H,H,A,A,B,B,B,B,B,B,B,B,B,B,B,B,B,H,A,-,H,H,H,H,H,H,H,A,A,A,-,A,H,-,A,A,-,B,B,B,B,B,B,B,B,B,H,H,H,A,H,H,H,H,H,B,B,B,B,B,H,H,H,H,H,H,-,H,H,A,A,A,A,H,H,H,H,H,A,A,H,H,B,B,B,B,B,B,H,-,A,A,A,B,B,B,A,A,A,B,B,H,B,H,H,H,A,H,H,H,H,A,H,H,H,A,A,A,A,A,A,A,A,A,H,-,H,H,B,B,B,B,B,A,A,A,A,A,A,A,-,H,H,H,H,H,H,H,H,-,B,B,A,B,H,H,A,H,H,H,H,H,H,H
10.3551,1.0535,86.7179,H,H,A,-,H,H,B,B,B,B,B,B,B,H,H,H,H,H,H,H,H,H,B,B,B,B,A,A,A,A,-,A,A,A,A,A,A,A,A,A,H,H,H,H,H,H,H,H,A,A,A,A,H,B,H,H,-,H,B,B,B,B,B,B,B,B,-,H,-,B,A,B,B,H,H,H,A,A,A,H,B,B,B,B,B,-,B,B,B,B,B,B,B,B,H,H,H,H,H,-,H,B,B,B,B,B,B,H,H,B,B,H,H,H,B,H,B,B,-,H,-,B,B,B,H,H,H,H,A,A,A,A,A,A,A,A,A,-,A,A,A,A,H,H,H,H,H,H,H,H,H,B,B,A,A,A,A,A,A,A,A,A,H,H,H,A,A,A,H,A,A,A,A,A,A,H
14.0696,1.3795,101.5981,H,H,H,H,H,A,A,H,H,H,H,A,A,-,A,A,H,H,H,B,B,B,B,B,B,B,H,A,A,A,H,H,A,H,H,H,H,-,H,B,B,B,B,B,B,B,B,B,A,A,A,A,A,H,H,H,H,H,B,H,H,H,H,A,A,H,H,B,H,H,-,H,H,H,H,H,-,B,B,H,H,H,H,H,H,H,H,H,H,B,B,B,B,B,H,A,H,H,H,H,H,H,A,A,A,A,A,H,H,A,A,A,A,A,A,A,A,A,A,B,B,-,H,H,H,H,H,H,A,A,A,A,A,A,A,A,H,-,H,A,A,A,A,H,H,H,H,A,A,H,H,H,H,B,H,H,H,H,H,H,H,-,H,H,A,A,A,A,A,B,B,B,B,B,B,B
10.9031,1.0141,108.0588,B,H,A,A,A,A,A,A,A,H,H,H,H,H,A,A,A,A,H,H,H,H,H,H,H,H,B,B,-,H,H,-,H,H,H,H,-,H,H,A,A,A,A,A,A,A,A,A,H,H,H,H,B,B,B,B,A,A,H,H,H,H,H,H,H,H,H,H,H,H,B,H,H,A,A,A,B,B,B,H,B,B,B,-,B,H,H,B,B,B,B,H,H,B,B,B,B,B,B,B,B,B,A,-,A,A,A,A,A,A,A,H,H,H,B,A,A,A,A,B,B,B,B,B,B,B,B,B,B,B,-,B,B,-,B,B,A,A,A,A,A,A,A,H,H,A,A,A,A,A,A,A,-,B,B,B,B,B,B,B,B,-,H,H,H,H,H,H,H,H,H,H,H,H,H,H
9.4498,1.0231,114.1183,A,A,A,-,H,H,H,A,H,H,H,H,H,A,H,H,H,H,H,H,B,B,-,B,B,B,A,A,A,A,A,-,A,A,A,A,A,A,A,H,H,H,H,H,H,A,A,-,A,A,A,A,A,A,A,H,H,H,A,A,A,A,H,A,A,H,H,H,B,B,A,-,B,B,B,B,A,A,A,A,A,A,A,H,H,B,H,H,H,H,H,H,H,H,A,A,A,A,A,A,A,A,H,H,B,B,B,H,H,A,A,H,H,H,B,B,B,B,B,A,A,H,H,H,B,-,H,H,A,A,A,A,A,A,A,H,H,-,H,H,H,B,H,B,H,H,H,B,B,H,H,H,H,B,B,B,B,B,B,B,B,-,B,H,H,B,B,B,H,A,H,A,A,A,A,A
9.7873,1.0274,86.9369,H,A,B,-,B,H,H,H,H,H,B,B,-,B,H,H,H,B,B,B,B,-,B,-,-,H,A,A,-,A,A,A,A,H,H,H,H,H,H,B,B,B,-,B,H,H,A,A,H,H,H,H,B,H,H,H,H,B,H,H,H,B,B,B,B,B,B,H,H,H,H,B,H,B,B,B,H,H,H,H,H,B,B,B,B,H,H,H,A,A,A,H,H,H,H,H,H,A,A,H,H,H,A,A,A,A,H,-,H,H,H,H,H,H,H,B,B,B,B,H,A,A,A,A,A,H,H,H,B,B,B,B,B,B,-,H,A,-,A,H,H,H,H,H,H,H,H,A,A,A,A,H,B,B,B,-,B,B,H,H,H,-,B,B,H,-,H,-,H,B,B,B,B,H,H,H
10.9089,1.1049,88.9471,H,H,H,A,A,A,A,A,A,A,A,A,A,A,H,H,H,H,H,H,H,H,-,-,B,B,H,H,H,H,A,A,A,H,H,H,H,H,B,H,H,H,H,-,B,B,B,B,H,-,H,-,H,A,B,H,H,H,B,B,B,H,H,A,A,H,B,B,-,H,B,B,H,H,B,B,H,H,H,H,H,H,H,H,A,B,B,B,B,B,B,B,H,H,B,B,H,H,-,B,H,H,A,A,H,H,H,-,H,H,H,-,B,B,B,H,H,A,A,B,B,B,B,B,B,B,B,B,-,A,A,A,A,H,A,-,H,-,A,H,H,-,B,-,H,H,H,H,H,B,B,B,B,A,A,H,A,A,A,H,H,-,B,H,B,B,B,H,B,B,B,H,B,B,H,H
11.7175,1.2571,119.424,H,H,-,-,A,A,A,H,H,H,H,H,H,H,-,H,-,H,H,H,H,H,H,H,H,B,H,H,H,H,H,H,H,H,H,H,H,A,A,H,H,H,H,H,H,H,H,H,H,H,H,H,H,H,-,H,-,B,H,H,A,A,B,B,B,B,B,-,H,H,H,H,H,H,H,H,A,A,A,H,A,A,H,H,H,H,H,-,B,B,B,H,H,-,B,B,B,B,B,B,B,H,A,A,-,A,A,A,A,H,H,B,B,B,B,B,B,B,B,H,H,H,H,H,H,H,H,A,B,B,B,B,B,B,H,H,-,-,H,H,H,H,H,H,H,A,A,A,A,A,H,H,H,A,A,A,A,A,H,H,H,-,B,B,A,B,B,H,-,B,B,H,A,A,A,B
10.6026,1.0767,121.4563,B,B,B,-,B,B,B,B,B,B,B,B,B,B,A,H,H,H,H,H,B,B,H,H,H,H,A,H,H,H,H,H,H,H,H,H,H,H,H,B,H,H,A,A,A,A,A,A,H,H,H,A,A,A,A,B,B,B,B,B,H,A,A,A,H,H,B,H,-,H,-,B,B,B,B,B,H,H,-,H,H,H,A,A,A,B,B,H,H,B,B,B,H,H,H,H,H,H,H,B,B,B,A,H,H,H,H,A,A,A,-,H,H,H,H,H,H,H,A,B,B,B,B,B,B,H,H,H,H,B,B,B,B,B,B,H,B,-,H,H,H,H,H,B,B,H,B,B,B,H,H,H,H,-,A,A,A,A,A,A,A,-,H,A,A,A,A,A,A,A,A,H,H,H,H,H
10.8272,1.0546,1.0801,A,H,H,-,H,H,H,H,H,A,A,H,H,H,B,B,B,B,B,B,B,B,H,H,H,H,B,H,H,A,-,B,H,H,A,A,A,H,H,B,B,B,B,H,H,B,B,B,H,A,A,A,A,H,H,H,H,H,A,H,H,H,H,A,H,H,H,H,H,H,A,H,H,H,H,H,A,A,A,A,-,A,A,H,H,A,A,H,H,H,H,A,A,H,A,A,A,A,A,H,H,H,H,B,H,H,H,H,H,H,H,A,H,H,H,H,H,H,H,H,H,B,B,H,-,B,B,H,B,H,H,H,B,B,B,B,H,H,H,H,-,A,A,A,A,H,B,B,B,B,B,B,B,H,H,H,H,H,H,H,H,-,B,B,B,B,B,B,H,H,H,H,H,B,B,B
10.5703,1.0213,1.0148,H,H,H,H,-,-,A,H,H,H,H,H,A,A,H,H,A,A,A,A,A,A,A,A,A,H,H,H,A,A,A,A,A,A,A,A,A,A,A,A,A,-,A,A,A,B,B,B,B,B,-,B,B,B,-,H,H,H,-,A,A,A,H,H,H,H,H,H,H,H,A,H,A,A,A,A,A,A,A,A,A,A,H,H,H,H,H,H,H,H,H,-,H,H,A,A,A,H,H,B,B,B,B,B,B,B,B,B,B,B,B,A,A,H,-,H,H,H,H,B,B,B,B,B,B,B,B,H,H,B,B,B,B,B,B,-,A,-,H,H,-,B,B,B,H,B,B,H,H,H,H,A,A,H,H,H,B,B,B,B,B,-,H,H,H,H,H,H,H,B,B,B,B,H,H,H
10.5957,1.2173,0.9153,-,H,H,-,H,H,H,H,H,H,B,B,B,B,B,B,-,-,B,B,B,B,B,B,B,B,H,A,A,H,H,H,H,H,H,H,H,-,H,H,H,H,H,B,-,B,B,B,A,A,A,A,A,A,A,A,A,A,H,A,A,A,H,H,B,B,B,B,B,H,B,A,A,A,A,A,B,B,B,B,B,B,B,H,A,A,A,H,H,H,H,H,H,H,B,B,B,B,B,H,H,H,H,H,H,H,H,H,H,H,H,H,H,H,H,H,H,A,A,B,B,B,-,A,A,A,A,A,H,H,H,H,H,-,H,A,B,-,B,H,H,H,-,H,H,B,B,B,B,B,B,B,H,H,H,H,H,B,B,B,B,-,H,H,-,H,-,A,A,B,-,B,B,H,H,H
9.4148,0.9055,116.9036,H,H,H,H,H,B,A,A,A,A,A,A,A,-,-,H,A,A,A,A,A,A,H,H,A,A,A,A,A,A,A,H,H,H,H,H,H,H,A,H,H,H,H,H,H,H,H,H,B,B,B,B,B,H,B,B,B,B,A,H,H,H,H,H,-,A,A,B,B,B,A,B,B,B,B,B,A,H,H,H,B,-,B,H,H,B,B,B,B,B,B,B,B,H,A,A,A,A,A,H,H,H,H,H,H,H,H,H,H,-,H,B,B,H,B,-,A,H,H,H,A,A,A,A,A,A,A,A,A,-,H,H,H,H,A,A,B,B,H,B,-,B,B,H,H,H,H,-,H,A,-,H,H,B,B,-,B,B,B,B,B,-,B,B,H,B,B,B,H,A,-,A,A,H,H,H
12.1169,1.1759,112.2061,B,-,H,H,H,H,B,H,H,H,H,H,H,H,A,A,A,-,A,A,A,A,A,A,A,A,H,-,H,A,A,A,A,A,A,A,A,A,H,H,H,H,H,B,B,H,H,A,B,B,B,B,B,B,H,A,A,A,H,H,H,H,B,H,H,H,H,H,H,-,H,-,A,A,A,H,H,H,H,H,B,B,H,H,H,H,H,H,-,B,B,B,H,H,H,B,B,B,B,B,H,H,H,H,H,H,H,B,B,B,B,H,H,B,H,H,H,H,H,A,A,A,A,A,A,A,A,A,A,A,A,A,A,A,A,A,A,A,A,A,A,A,H,B,B,H,H,H,H,H,H,H,H,H,H,H,H,H,H,H,A,-,H,H,B,B,B,B,B,B,B,H,H,H,H,H
12.7382,1.3199,105.995,A,A,H,-,H,H,B,B,B,H,H,A,A,A,B,H,H,B,B,H,H,H,A,H,H,H,H,H,H,H,A,A,A,A,A,A,A,A,-,H,H,H,H,B,B,H,A,-,A,H,H,H,H,H,H,H,H,H,B,B,B,B,B,B,B,-,-,-,H,H,A,A,A,H,H,H,H,H,H,H,H,H,H,H,H,H,H,H,H,H,A,B,B,B,A,A,A,A,A,A,A,A,H,H,H,H,H,H,H,A,A,H,H,H,H,H,H,H,H,A,H,H,H,H,H,H,H,H,A,H,H,A,A,-,A,H,-,B,H,H,H,B,-,-,H,H,H,H,-,H,H,A,A,A,A,A,A,A,A,A,H,-,B,B,H,H,H,H,A,H,H,H,H,B,B,B
10.5119,0.9968,103.8329,H,H,H,H,H,H,H,H,H,H,H,H,H,H,H,A,H,B,B,B,H,H,H,H,H,H,A,-,H,-,H,H,H,B,B,H,H,H,H,H,H,H,-,H,A,A,A,A,H,H,H,H,B,B,B,B,B,H,H,B,B,B,B,H,H,H,H,B,B,B,A,B,B,B,H,H,H,H,H,H,H,B,B,-,B,B,B,B,B,B,B,B,B,B,A,A,A,A,A,A,H,H,B,H,H,H,H,H,H,H,H,A,A,A,H,A,A,A,H,H,H,B,B,B,B,B,B,B,H,B,-,-,-,A,H,H,B,-,-,H,A,A,H,B,B,A,A,A,A,A,A,A,A,H,H,H,H,H,H,H,H,-,H,H,B,H,H,B,B,B,B,A,A,A,A,H
9.6958,1.0553,113.4818,B,B,B,B,B,B,B,B,B,B,B,B,B,B,A,A,A,A,A,A,A,A,A,H,H,H,B,B,B,B,B,B,H,H,-,H,H,H,H,H,H,H,H,H,B,B,B,B,A,A,A,H,H,H,H,H,B,B,A,A,A,A,A,A,A,A,A,-,B,B,H,B,-,H,H,H,B,B,H,H,B,-,B,B,H,B,B,B,B,B,B,B,B,B,H,B,B,B,B,-,B,B,B,B,H,H,H,H,H,A,A,A,A,A,H,A,H,H,H,A,H,A,A,A,A,A,H,H,H,H,H,H,H,H,H,H,H,-,A,A,A,A,-,A,A,-,H,H,-,A,A,A,A,H,H,B,B,-,H,H,-,-,B,A,B,A,-,H,B,H,H,H,H,H,H,H
9.1389,0.8797,84.084,A,A,A,A,A,A,A,H,A,A,A,H,H,H,H,B,B,B,H,H,-,H,H,B,-,B,H,H,A,A,A,H,H,H,-,H,H,H,H,B,B,H,-,H,-,H,H,H,H,H,H,A,A,H,H,A,H,H,A,A,-,A,H,A,H,H,H,A,A,A,B,H,H,H,H,B,A,H,H,B,-,H,H,B,B,H,A,A,A,A,A,H,H,B,B,B,B,B,B,B,B,B,B,B,B,B,B,B,B,H,-,B,B,B,B,B,B,B,H,H,H,B,H,H,B,B,B,B,A,A,A,A,A,A,A,A,B,B,B,B,H,H,H,H,H,H,H,H,H,H,H,H,H,B,B,B,B,B,B,B,B,-,H,H,H,H,-,H,H,B,B,B,B,B,H,H
11.7353,1.2173,96.3172,B,-,B,-,B,H,H,H,H,H,-,B,B,B,B,B,B,-,B,B,B,B,B,H,H,B,H,H,H,H,H,H,-,H,H,H,A,H,H,H,H,A,A,A,A,A,H,H,A,B,H,H,H,H,-,-,A,A,B,H,H,H,H,H,-,H,H,A,A,A,H,A,A,A,A,A,H,H,H,H,H,H,H,H,H,H,H,H,H,B,B,B,B,B,H,H,H,H,H,H,H,H,B,B,B,H,H,H,B,H,H,H,H,H,B,A,H,-,H,H,H,H,H,H,H,H,H,H,A,A,A,H,A,A,A,A,H,-,-,A,A,A,H,A,A,A,A,A,H,H,H,H,B,H,H,H,H,H,H,H,H,-,A,A,A,A,A,A,A,H,H,H,H,H,H,H
11.5718,1.1131,98.005,H,H,B,B,B,B,B,B,B,B,B,B,H,A,H,H,-,H,H,H,H,H,H,H,B,B,A,-,A,A,A,H,H,H,H,H,H,H,H,B,H,H,H,H,H,H,H,H,A,A,A,A,A,A,A,A,H,H,H,H,H,A,A,H,H,H,H,A,A,A,H,A,A,H,H,H,A,-,A,A,A,A,H,A,A,H,H,H,H,B,B,B,B,B,H,H,H,H,H,-,H,-,A,A,A,A,A,A,A,A,A,H,H,H,A,A,A,-,H,H,H,B,B,B,B,B,B,B,H,H,H,H,H,H,H,H,A,-,A,A,A,A,A,A,A,H,H,B,B,H,H,-,B,H,H,H,H,H,H,H,B,B,H,H,H,H,H,B,H,H,H,H,H,A,H,H
7.9204,0.9195,95.3135,H,H,A,-,A,A,A,A,A,H,H,A,H,H,A,A,A,A,A,A,A,A,A,A,A,A,H,H,H,H,H,H,H,H,H,H,H,H,H,H,H,H,A,A,A,H,H,B,H,H,H,H,B,H,H,H,H,H,H,H,B,B,B,H,-,H,H,H,H,H,-,H,H,H,H,A,H,H,H,H,H,-,H,H,A,H,H,H,H,H,H,H,H,H,A,A,A,H,H,H,H,H,H,-,A,A,A,H,H,H,H,H,H,-,H,B,B,B,B,H,H,H,H,H,H,H,A,A,H,H,H,H,H,H,H,H,H,-,H,H,A,A,H,B,B,H,H,H,H,H,H,H,-,B,B,B,B,H,H,H,H,-,A,A,H,H,H,H,H,A,A,A,A,A,A,A
11.2368,1.1359,105.8729,H,H,H,-,A,H,H,H,H,H,H,H,H,H,A,-,A,A,A,A,H,A,A,H,H,H,B,H,H,H,H,B,B,B,H,H,H,H,H,H,A,A,A,-,A,A,B,B,H,H,H,H,H,H,H,H,-,H,A,A,A,H,H,H,H,H,H,H,H,H,B,H,H,H,H,H,A,A,A,H,H,H,H,H,H,A,A,A,A,A,A,-,A,A,B,B,B,B,B,-,B,B,H,-,B,B,H,H,H,H,H,H,H,H,B,A,A,H,H,H,H,H,H,B,B,B,B,B,B,B,B,B,B,B,B,B,H,-,-,H,H,H,H,H,H,B,B,B,B,B,B,B,B,B,B,B,B,-,B,B,B,B,A,H,H,H,H,H,B,A,A,-,A,A,A,A
7.3993,0.8223,113.2044,H,H,H,-,-,H,H,A,A,H,H,B,B,B,A,H,H,H,H,H,H,B,B,B,B,H,H,H,H,-,H,A,A,A,A,-,A,H,H,H,H,H,H,H,H,H,H,H,H,H,H,-,A,H,H,-,H,-,H,-,B,B,-,H,H,H,H,H,H,H,B,H,H,B,-,B,A,-,A,A,H,A,A,A,A,B,H,H,H,H,H,H,H,H,B,B,B,H,H,H,-,H,B,B,B,H,B,B,B,B,B,A,A,A,H,A,A,A,H,A,A,A,A,-,A,A,H,H,B,H,H,B,B,H,A,-,H,-,A,A,A,A,A,A,A,H,B,B,B,B,B,B,B,H,A,H,H,H,H,H,B,-,H,H,A,A,A,A,A,B,B,B,B,B,B,H
9.1193,0.8246,82.8898,B,H,H,A,A,A,A,A,A,A,A,A,A,A,H,H,H,A,A,A,H,H,A,A,A,A,H,H,H,H,A,A,H,H,H,H,B,B,B,H,H,-,H,H,H,H,H,H,A,A,A,A,A,A,A,A,-,A,H,H,H,H,A,H,H,H,A,A,H,H,H,B,H,H,H,H,H,H,H,H,H,H,H,H,H,H,H,A,A,A,A,A,A,A,H,H,B,H,H,H,H,H,H,H,H,H,H,H,H,H,H,H,H,A,A,A,A,A,H,H,H,H,H,H,-,H,H,B,B,B,B,B,B,B,B,B,A,A,H,H,H,A,A,A,A,H,H,H,H,A,A,A,H,H,B,-,B,B,B,B,B,B,B,H,H,H,H,H,H,B,B,B,B,H,H,A
9.8155,1.0296,87.784,H,H,H,H,H,H,B,B,B,B,B,B,B,-,B,B,-,B,B,-,B,B,B,-,B,B,B,B,B,B,B,H,H,H,A,A,H,H,H,H,H,H,H,H,H,H,H,A,H,H,H,A,-,H,H,H,H,H,A,A,A,A,A,H,H,H,A,H,H,A,H,A,H,H,-,H,B,H,H,B,B,B,B,B,B,H,H,B,B,B,B,B,B,-,H,H,H,H,H,H,H,H,H,H,H,H,-,H,H,H,-,A,A,A,H,A,H,-,H,A,A,A,A,A,A,A,A,A,A,A,A,-,A,A,A,A,H,-,-,H,H,B,H,H,H,A,-,A,A,A,H,H,-,H,H,A,A,A,A,A,A,-,A,H,A,H,A,A,A,B,B,B,H,H,H,-
10.6383,1.1106,96.6914,H,H,A,A,A,A,H,H,H,-,H,H,H,H,H,H,H,H,H,H,H,H,H,H,H,H,H,H,A,H,H,H,H,H,A,A,A,A,B,H,H,A,A,A,A,A,H,B,B,B,B,H,B,B,B,B,-,H,B,H,H,B,B,B,B,B,B,H,A,A,A,A,A,A,H,A,H,H,-,H,H,H,H,H,-,A,A,A,A,A,A,A,A,A,A,A,A,A,A,A,A,H,A,A,A,A,H,H,B,B,H,-,H,H,B,H,H,H,H,B,B,B,-,-,B,B,B,B,H,H,H,H,A,A,A,H,A,-,A,A,A,H,H,H,-,A,A,A,H,A,A,A,A,H,H,H,H,B,B,B,B,-,H,-,H,H,B,H,H,H,H,H,H,H,H,H
10.8213,1.1523,106.2717,B,-,B,H,B,B,H,-,H,H,H,H,H,H,H,H,H,A,A,A,H,H,H,H,A,A,-,H,H,H,B,B,H,H,-,H,H,H,-,A,A,A,A,B,B,B,B,B,H,H,H,H,H,H,H,A,A,A,A,-,-,H,B,-,B,B,B,A,A,A,A,A,A,A,A,H,H,H,B,B,B,B,B,B,B,H,H,H,H,H,B,B,B,B,A,A,H,H,H,H,H,H,H,H,B,B,B,B,B,B,B,H,-,B,B,B,H,H,A,H,H,A,H,H,H,H,H,H,H,B,B,B,B,B,B,B,H,-,H,H,H,H,A,A,A,B,B,B,B,B,H,B,B,-,A,H,H,H,H,H,H,B,A,A,A,A,A,A,A,H,A,A,A,A,A,A
9.0998,0.8886,99.8993,H,H,H,-,H,H,H,H,H,H,H,H,B,B,A,A,A,A,A,A,A,-,H,H,H,H,A,H,H,B,B,B,B,B,H,H,A,A,A,H,B,B,B,B,H,H,-,A,A,A,A,A,A,A,H,H,H,B,B,B,B,B,B,B,B,B,B,A,A,H,H,B,H,H,B,B,H,H,H,H,A,A,A,A,A,H,H,A,A,A,A,A,A,A,H,H,H,H,H,B,B,H,H,H,H,H,H,H,H,B,B,H,H,B,-,B,B,B,B,A,A,H,H,H,H,A,A,A,-,H,H,B,B,B,B,B,H,H,H,H,H,B,B,B,B,B,B,B,B,B,B,-,-,A,A,H,H,H,H,H,A,-,B,B,A,H,H,-,A,B,H,H,H,H,B,B
10.2661,0.9841,107.5737,A,H,H,-,H,B,B,B,B,B,B,B,B,B,H,H,H,H,A,A,A,A,H,H,H,H,A,H,H,H,H,H,H,H,H,H,-,H,H,H,H,H,H,H,H,H,H,H,A,A,A,A,A,A,A,A,A,A,A,A,H,H,-,A,A,A,A,A,H,H,B,H,H,H,H,-,H,H,H,H,H,H,H,B,B,-,H,H,H,H,H,H,H,H,B,B,B,B,B,B,B,B,H,-,B,B,B,H,H,H,H,H,H,H,H,H,H,H,H,A,A,A,H,H,H,H,B,B,H,A,A,A,A,A,A,A,H,-,H,H,H,H,B,B,H,A,A,A,A,A,A,A,A,B,B,H,H,H,H,H,H,-,H,H,H,H,H,H,H,H,H,H,H,H,A,A
10.104,1.0766,109.896,H,H,H,-,A,A,A,A,A,A,A,A,A,A,A,A,A,A,A,H,H,H,-,H,H,H,H,A,A,A,A,A,A,A,A,A,A,A,A,H,H,H,H,H,H,H,H,H,H,H,H,H,H,B,B,B,B,B,H,H,H,H,H,H,H,H,H,H,H,H,H,H,H,H,B,B,A,A,A,A,A,H,H,H,H,B,B,B,B,B,B,H,H,H,H,H,B,H,H,H,B,B,H,-,A,H,H,H,B,H,H,B,H,B,B,B,B,B,B,A,A,A,A,A,A,A,H,H,H,H,H,H,A,A,A,A,H,-,H,H,H,H,A,A,-,H,-,H,H,A,A,A,A,H,H,H,H,H,H,H,H,-,A,A,A,A,A,A,A,H,H,H,H,H,H,B
8.7211,0.9191,98.0157,H,H,H,A,A,A,A,A,A,A,A,H,H,A,A,A,H,H,-,B,B,B,B,B,B,B,-,H,H,H,H,H,A,-,H,B,B,B,B,B,B,B,B,H,H,H,H,H,H,A,A,H,H,H,H,H,B,B,H,H,H,H,-,B,B,-,B,-,B,B,H,B,H,A,A,A,H,H,H,H,B,B,B,H,H,A,A,A,A,A,H,H,H,A,H,A,A,A,A,A,A,A,H,B,H,H,H,B,B,B,B,B,H,H,H,H,-,B,B,H,H,B,B,B,B,B,B,B,-,B,H,H,H,H,H,H,H,H,H,A,A,H,B,B,H,B,B,H,H,H,H,H,H,B,B,-,B,B,B,B,B,-,H,H,A,H,H,A,A,H,H,H,A,A,A,A
11.3344,1.1103,103.6186,H,H,H,-,A,A,A,A,A,A,-,A,A,A,-,H,H,H,H,B,B,H,H,H,H,H,H,H,H,B,B,B,H,H,H,-,-,H,H,H,H,A,A,A,A,A,A,A,H,H,H,H,H,B,-,B,B,B,H,H,-,H,H,A,A,A,H,B,B,B,A,B,-,H,H,H,H,H,H,H,A,A,A,H,H,H,H,H,H,H,-,H,H,H,A,A,H,H,B,B,B,B,-,B,B,H,H,A,A,A,A,H,A,A,-,A,-,A,A,H,H,-,H,H,H,H,H,H,A,A,A,A,A,H,B,B,H,-,A,A,A,A,H,H,H,B,B,B,B,-,B,B,B,A,H,H,A,A,A,A,A,A,B,H,H,H,-,H,H,B,B,H,H,H,H,H
10.8592,1.181,101.6684,B,B,B,-,B,B,B,B,B,B,B,B,B,B,B,B,H,H,H,B,B,B,B,H,H,-,-,H,H,H,H,H,H,H,H,H,H,H,H,B,H,H,H,H,B,H,H,H,A,H,H,H,B,B,H,H,H,H,H,H,H,H,B,B,H,B,B,H,H,H,H,B,B,B,B,B,B,B,B,H,H,H,H,H,H,-,H,-,H,H,H,H,H,H,H,H,H,H,H,H,H,H,H,H,H,H,-,A,A,A,A,B,B,H,B,H,H,-,-,H,H,H,H,-,B,B,B,B,A,A,A,A,A,A,A,A,A,-,A,A,A,H,H,H,H,H,H,H,H,H,H,-,B,A,B,B,B,B,B,B,B,-,H,H,B,H,H,A,B,H,H,H,A,-,A,A
9.8433,1.0508,85.7053,B,B,B,B,B,B,B,B,B,B,B,B,B,B,B,B,B,B,B,B,B,-,A,A,A,A,A,A,A,A,H,H,H,H,H,B,H,H,H,H,-,H,H,A,A,A,A,A,H,H,H,H,H,H,H,H,H,H,H,H,H,H,H,H,H,H,H,B,B,B,H,B,B,B,B,B,A,A,H,H,A,A,H,A,A,H,H,H,H,H,H,A,A,A,H,H,H,-,H,H,H,H,B,B,H,H,H,H,-,H,H,A,H,H,H,H,H,H,H,B,H,B,B,B,B,B,B,B,A,H,H,H,B,B,B,B,H,H,H,H,H,B,H,H,H,A,H,H,H,H,H,H,H,B,B,B,B,B,H,B,B,-,A,A,A,A,A,A,A,A,A,A,A,A,A,A
8.1329,0.8647,88.9719,B,B,B,B,B,B,H,H,H,H,H,H,H,B,H,A,A,H,H,H,H,H,H,H,H,H,H,B,A,-,A,A,A,A,A,A,H,H,H,H,H,H,H,H,H,B,-,H,H,H,H,-,H,H,B,H,H,A,B,H,H,H,H,H,-,A,A,H,H,H,H,B,H,H,H,B,A,A,A,A,B,B,H,H,H,H,H,H,H,H,H,H,H,H,H,H,H,H,H,-,H,H,-,A,A,A,A,B,B,B,B,H,-,H,A,A,A,A,A,H,H,H,A,A,A,A,A,A,H,A,A,H,A,A,A,A,H,-,B,B,B,-,B,B,H,H,-,H,A,A,A,A,A,H,-,H,A,A,A,A,A,-,H,H,H,H,H,H,H,B,B,B,-,B,B,B
10.3272,1.05,84.6444,B,B,B,B,B,B,B,B,B,H,-,H,-,H,H,-,-,B,B,B,B,B,H,H,H,H,H,B,-,-,B,H,H,H,H,H,H,H,H,H,B,B,-,H,H,H,H,H,H,-,H,H,H,H,H,A,A,A,B,B,B,H,H,H,H,H,H,A,A,H,H,H,H,H,H,H,A,H,H,H,B,-,B,B,B,A,A,-,A,A,A,A,A,A,H,-,H,H,A,A,A,A,H,B,B,B,-,H,A,-,A,H,H,H,-,B,B,B,B,B,B,B,B,B,B,B,B,B,H,H,H,H,H,H,A,A,A,-,-,A,A,A,A,A,A,B,-,B,B,B,B,B,B,B,B,B,B,B,B,B,-,-,B,B,H,B,B,H,H,A,A,A,A,A,A,A
10.4829,1.0196,128.0965,H,H,-,H,H,H,H,H,H,H,H,H,A,A,B,B,B,B,B,H,H,A,A,A,A,A,H,H,H,H,H,H,A,A,A,A,-,H,H,H,H,H,H,H,H,H,B,B,H,H,H,A,A,-,H,-,H,H,A,H,A,H,B,H,H,H,H,H,H,H,H,A,A,A,A,A,H,H,H,A,A,A,A,A,A,H,H,H,H,H,H,H,H,H,-,H,H,H,H,H,H,H,B,H,B,B,B,B,-,B,B,A,A,A,H,A,A,A,A,H,H,H,B,H,H,H,-,H,H,H,H,H,H,B,B,H,A,-,A,A,A,A,A,H,A,B,B,B,B,B,H,H,H,A,H,H,B,B,B,B,B,-,B,B,B,B,B,B,B,A,H,H,H,H,H,H
11.2011,1.0153,92.215,B,H,H,-,H,H,H,B,B,H,-,H,H,H,A,A,A,A,H,H,H,-,B,B,B,B,H,H,H,H,H,H,H,H,-,H,B,B,-,H,A,H,H,H,H,B,H,H,H,A,A,A,A,A,A,A,A,A,-,H,H,H,-,A,A,A,A,H,H,H,H,H,H,H,-,A,H,A,H,H,H,H,H,B,B,-,H,H,H,H,B,B,B,H,H,H,H,H,H,H,H,H,B,B,B,B,B,H,H,H,A,H,H,-,H,H,A,A,A,H,H,A,H,H,H,B,H,H,H,H,H,H,A,A,A,A,H,-,H,B,B,B,B,H,A,H,B,B,B,B,B,B,H,H,H,H,H,H,H,H,H,-,-,A,H,A,A,-,H,H,H,H,B,B,B,H
11.4206,0.9928,111.4928,B,B,B,B,H,H,H,H,H,H,H,H,H,A,H,H,H,H,B,B,-,B,B,B,B,B,H,H,H,H,B,H,H,H,H,B,B,B,B,H,H,H,H,B,B,B,B,B,A,A,A,A,A,H,A,A,A,A,B,B,H,H,H,A,A,A,A,H,H,A,H,H,H,A,A,H,H,B,B,B,B,B,-,H,H,B,B,B,B,B,B,B,B,B,H,H,H,H,H,H,H,H,H,H,H,H,H,B,B,H,H,H,H,H,B,H,H,H,H,H,H,H,H,H,A,H,H,A,A,A,A,A,A,A,H,H,H,-,H,H,H,H,H,A,A,H,B,B,B,B,B,B,B,A,A,A,A,A,A,A,A,-,H,H,H,-,H,H,H,A,A,-,A,A,A,H
9.6524,1.0694,91.5237,B,B,B,B,B,B,B,B,B,B,H,H,H,H,H,H,H,H,H,B,B,B,B,B,H,-,H,B,B,H,A,A,A,A,A,A,A,A,A,B,H,H,H,H,H,H,H,B,B,B,B,B,B,B,B,B,B,B,H,H,H,H,H,H,H,H,H,A,A,H,H,H,H,H,A,A,H,H,B,B,B,B,-,B,B,B,B,B,B,H,B,B,B,B,H,H,H,H,H,H,H,H,A,A,A,A,-,A,A,H,H,H,A,-,H,A,A,A,-,H,H,H,H,H,H,H,-,H,B,B,B,H,H,A,A,A,A,A,A,H,B,B,B,H,H,H,B,B,B,B,H,H,H,A,A,H,-,H,H,H,B,-,-,H,H,H,H,H,H,B,B,B,-,B,B,B
9.5137,1.0501,75.0317,H,H,H,H,H,H,H,H,A,A,A,A,-,A,-,H,H,H,H,H,H,H,H,A,A,A,H,B,B,B,B,H,A,A,A,A,A,A,A,A,A,A,A,A,A,A,A,A,B,B,B,H,B,B,H,H,B,B,A,A,H,H,A,A,A,A,A,B,B,B,H,B,B,B,H,H,H,H,H,H,-,H,H,H,H,A,A,A,A,A,A,A,H,H,B,H,H,B,B,B,B,B,H,A,A,A,A,A,A,H,H,H,H,H,B,B,B,B,B,B,H,H,H,H,H,H,H,-,H,H,B,B,B,B,B,H,B,-,-,B,B,B,B,B,B,A,A,A,A,A,H,-,H,H,A,A,A,A,H,H,B,B,B,H,H,H,H,H,H,B,H,H,H,B,B,B
9.6222,0.9891,105.3127,H,H,H,-,H,H,H,A,A,A,A,H,H,H,H,H,H,H,H,B,B,H,H,H,A,H,B,B,B,B,B,B,H,A,A,A,A,A,A,H,H,H,B,B,A,A,-,H,H,-,B,B,H,H,H,H,H,H,B,B,B,B,B,B,H,H,H,H,A,A,H,H,A,A,A,H,A,A,H,H,H,H,H,H,H,A,H,H,H,H,H,H,H,H,H,H,H,A,A,A,A,A,H,H,H,B,H,H,H,-,A,A,A,A,H,H,H,H,B,H,H,H,H,H,H,H,H,H,H,H,B,B,B,H,H,B,B,B,H,H,H,H,H,H,H,B,B,B,B,H,H,H,H,A,A,A,A,A,A,H,H,-,B,B,B,B,B,B,B,H,H,H,H,H,H,H
11.0888,1.1184,124.1504,H,H,H,H,H,H,A,-,H,H,H,H,A,A,B,B,B,B,B,B,-,B,H,H,H,H,H,H,H,B,B,H,H,H,H,A,A,A,B,H,H,H,H,H,H,A,A,A,B,B,B,B,B,-,A,A,A,A,A,H,H,H,H,H,H,H,H,H,H,H,A,H,B,B,H,A,H,H,H,H,H,H,H,H,H,B,-,B,B,H,H,H,-,H,A,A,A,A,A,A,H,H,B,-,B,B,B,B,B,B,B,H,H,B,B,-,B,B,B,B,B,B,B,B,B,B,B,B,H,H,H,H,A,A,A,A,H,-,H,B,B,B,B,B,B,H,B,B,B,B,B,B,B,B,B,B,B,B,B,B,B,-,H,H,H,H,H,H,H,A,A,A,A,-,H,H
10.9895,1.1127,118.8836,H,H,H,H,H,H,H,H,B,H,H,H,A,A,A,A,H,A,H,A,A,-,H,H,H,H,A,A,H,H,H,H,H,H,H,H,H,H,H,H,H,H,H,H,H,H,A,A,A,H,H,H,H,H,H,H,H,H,B,B,B,B,B,H,A,A,A,B,B,H,A,H,A,A,A,-,-,B,B,B,B,B,H,H,H,B,B,H,H,H,H,H,H,H,A,A,A,A,H,H,H,H,B,B,B,B,B,H,A,A,A,H,H,B,B,B,B,B,B,H,-,H,H,H,H,H,H,H,H,-,H,-,H,H,A,A,H,-,A,A,A,A,A,A,A,H,H,H,H,A,H,H,H,-,A,A,B,H,A,A,A,-,H,H,B,B,B,B,B,A,A,A,A,A,A,A
9.3143,0.9724,106.023,H,-,H,H,H,H,H,H,B,H,H,H,H,H,H,H,H,H,H,H,H,H,H,A,A,A,H,H,H,H,H,-,-,A,A,-,A,A,A,H,H,-,B,B,B,B,H,H,B,B,B,B,H,H,H,H,A,A,A,-,A,A,A,A,A,A,A,B,H,B,H,B,B,H,H,H,A,A,H,H,H,-,H,B,B,H,H,H,H,H,H,H,H,H,H,H,H,H,H,H,H,H,A,A,A,A,A,H,H,H,H,-,B,B,B,B,B,B,B,H,H,H,H,B,B,B,B,B,H,H,H,H,A,A,A,H,B,B,B,B,B,B,B,B,B,B,B,B,H,H,H,H,H,-,H,H,H,H,H,H,A,-,-,B,B,B,B,B,B,H,H,A,A,H,H,H
10.6156,1.0962,111.7636,A,A,A,-,H,H,A,A,A,H,H,H,H,H,H,H,H,H,H,A,A,A,A,A,A,A,H,H,H,H,H,-,H,H,A,A,H,H,H,H,H,A,A,A,B,B,H,H,H,H,B,H,H,-,B,B,B,B,H,H,H,H,-,H,A,A,-,B,B,B,H,B,B,B,B,B,H,H,H,H,H,A,H,H,B,H,A,A,A,A,A,H,H,H,-,H,H,H,H,A,A,A,H,-,B,H,H,H,H,H,H,H,H,H,B,-,B,B,B,A,A,A,A,A,A,A,A,H,H,H,H,H,H,H,H,H,B,-,B,B,H,H,H,H,H,A,A,A,A,A,A,-,A,H,H,H,H,H,-,H,H,H,A,A,A,A,A,A,A,A,-,A,H,H,H,H
10.1146,1.0985,113.1381,H,H,H,-,H,H,H,H,H,H,B,B,B,H,B,B,B,B,B,B,B,H,H,H,H,H,H,H,H,H,H,H,H,H,H,H,-,A,A,A,A,A,A,A,A,A,A,A,H,H,-,H,H,H,H,H,A,A,A,A,A,A,H,A,A,A,A,B,B,B,H,B,B,H,H,H,B,B,B,B,B,B,H,H,H,B,H,-,A,A,A,A,A,A,-,H,H,H,H,H,A,A,H,H,H,A,H,H,-,H,H,H,H,H,H,H,H,-,H,H,H,B,H,H,H,H,H,H,A,A,A,A,A,A,A,H,H,-,H,B,B,B,B,B,H,H,H,B,B,B,B,B,B,H,-,-,H,H,A,A,-,-,A,-,B,H,H,H,B,B,B,B,B,H,H,H
11.6949,1.235,109.9097,H,H,H,B,B,B,B,B,H,B,B,B,B,H,B,B,H,H,H,B,B,B,H,H,H,H,H,A,A,H,H,H,H,H,H,H,H,H,H,H,H,H,H,H,H,B,B,B,A,A,A,A,-,H,H,H,H,H,A,A,A,-,H,A,A,-,A,H,H,H,A,H,H,H,H,A,H,B,H,H,A,-,A,A,A,H,H,H,H,H,H,H,H,H,A,-,A,A,B,-,A,A,H,B,-,B,B,B,B,B,B,A,A,A,H,A,A,A,A,A,A,A,A,A,A,A,A,A,B,B,B,B,-,B,B,B,H,-,-,A,A,A,A,A,A,A,H,H,H,H,H,H,H,H,H,H,H,H,-,H,H,-,-,H,-,H,H,A,A,B,B,H,H,H,A,A
8.8799,0.8657,99.6705,B,B,B,B,B,B,B,B,B,B,B,B,-,B,H,H,B,-,B,-,B,B,B,B,-,H,H,H,H,H,H,-,H,H,H,A,A,A,A,H,H,H,H,H,-,-,B,B,A,A,A,H,H,H,H,A,A,A,B,B,-,B,B,-,B,B,B,H,A,A,-,A,A,A,A,A,H,H,H,H,H,H,H,H,H,H,-,H,A,A,A,H,H,H,A,A,A,A,H,H,B,B,H,B,H,H,A,A,A,A,H,B,B,B,B,B,B,B,B,B,H,H,H,H,H,H,H,H,H,H,H,H,H,A,A,A,B,-,B,H,B,B,B,H,H,H,H,H,B,B,B,B,B,B,B,H,H,H,A,A,H,-,A,-,H,H,H,H,H,H,A,H,H,H,H,H
10.6096,1.092,98.9955,H,H,B,B,B,B,B,H,H,H,A,A,A,A,H,H,A,A,A,A,A,A,A,A,B,B,A,-,A,A,A,A,A,A,H,H,H,H,B,B,B,B,B,H,B,B,B,B,A,A,A,A,A,A,H,H,H,H,B,B,B,B,H,A,A,A,A,A,H,H,A,H,H,H,A,A,H,H,A,A,A,A,A,H,H,H,H,B,B,B,B,B,B,H,A,A,A,A,A,A,H,A,H,B,B,B,-,H,B,B,B,H,H,H,H,H,A,A,A,B,B,B,-,H,H,-,H,A,-,A,A,A,A,A,H,H,A,-,-,B,B,B,H,B,B,A,A,A,-,H,H,A,A,H,H,H,H,H,H,H,H,-,A,A,A,H,A,A,A,H,H,H,H,B,H,B
10.3592,1.048,101.2141,B,B,H,H,H,H,B,B,B,B,B,B,B,H,H,H,-,H,H,H,-,H,H,B,-,H,H,H,H,H,H,H,H,H,A,A,A,A,A,A,A,A,-,H,H,A,A,A,A,H,H,H,H,H,B,B,B,B,A,A,A,A,H,A,H,H,H,B,H,-,B,H,H,A,A,A,H,H,H,A,A,H,A,H,H,H,A,A,A,A,A,-,H,H,B,H,H,H,H,H,A,A,B,B,B,B,B,B,H,H,H,H,H,H,H,H,B,B,B,A,A,A,A,A,A,H,H,A,H,H,H,H,H,H,B,B,A,A,H,H,B,B,B,B,H,A,-,A,H,H,A,-,A,B,B,B,B,B,B,-,B,-,-,-,H,H,H,H,A,H,H,H,H,H,H,H
8.1843,0.8597,68.5126,H,H,B,H,H,A,A,A,A,A,A,A,A,A,H,H,H,H,A,A,-,A,A,H,H,H,H,H,H,H,H,H,H,H,A,H,-,H,H,H,A,A,A,A,A,H,-,H,B,B,B,B,B,B,B,H,H,B,H,H,A,H,H,H,H,A,A,B,B,H,B,H,H,H,H,H,-,A,A,A,H,H,H,-,H,H,H,H,B,H,H,H,H,H,H,B,B,B,H,H,H,-,A,-,H,H,-,B,H,-,H,H,A,A,H,A,A,H,H,H,H,-,B,B,B,H,H,-,B,B,B,B,B,B,B,H,B,H,H,H,H,H,H,A,A,A,A,A,A,A,B,B,B,H,A,A,-,A,A,H,H,-,B,B,B,B,B,B,B,B,-,H,H,H,H,H
10.8758,1.0788,84.5249,B,B,B,-,B,B,H,H,H,A,H,H,H,H,H,H,H,H,H,H,B,B,B,B,H,B,H,H,H,H,H,H,H,A,A,A,A,A,A,H,H,H,-,B,H,H,A,A,H,H,H,H,H,H,H,H,H,H,H,H,H,H,H,H,H,H,B,H,H,H,A,H,H,B,A,H,B,B,B,B,B,B,B,B,B,H,-,H,H,-,H,H,H,H,H,H,H,H,H,H,H,B,A,A,H,H,A,-,-,A,H,A,A,A,H,A,A,A,A,A,A,A,H,H,H,H,H,H,A,A,A,A,A,A,A,A,B,-,H,H,-,A,A,A,A,H,H,H,A,A,H,H,H,B,B,B,B,B,B,-,B,B,A,A,A,A,A,A,A,H,H,H,H,H,H,H
8.92,0.9789,111.6481,B,B,B,-,B,B,B,B,B,B,B,B,H,H,H,H,H,A,A,A,A,A,A,A,A,A,H,H,H,H,H,H,H,A,H,H,H,H,H,H,H,H,H,H,A,A,A,A,B,B,H,H,A,A,A,-,A,A,-,H,B,B,B,B,H,A,A,B,B,B,A,H,H,H,B,B,H,H,-,H,H,H,H,A,A,H,H,H,H,H,B,B,-,-,A,A,A,A,A,A,A,A,H,H,H,H,H,-,-,H,-,H,H,-,B,H,H,H,H,H,B,-,B,B,B,H,H,H,B,B,B,-,B,B,B,H,H,-,H,H,H,B,B,B,B,B,H,H,H,H,H,B,H,H,H,B,B,B,B,B,H,-,H,H,A,H,H,H,A,A,A,H,H,H,H,H
11.2008,1.1056,102.8422,H,H,H,H,H,H,H,H,A,A,A,A,H,H,H,H,H,H,H,H,H,H,H,H,H,H,A,A,H,H,H,B,B,B,B,B,B,B,B,H,H,H,H,-,A,A,A,H,A,-,A,A,H,A,A,A,A,A,A,H,H,H,B,H,H,B,B,B,B,-,A,H,H,H,H,H,A,A,A,A,A,A,A,H,H,B,B,B,H,H,H,H,A,A,A,-,H,H,H,H,H,H,B,H,H,A,A,A,A,A,H,A,A,A,H,H,H,H,H,H,H,H,H,-,H,H,H,H,H,A,A,H,H,H,A,A,B,-,B,B,H,H,H,B,B,H,H,H,H,H,H,H,-,H,H,A,A,A,A,A,A,-,-,H,B,H,H,B,B,A,H,H,H,-,B,B
10.257,1.0398,120.3757,B,B,B,B,B,B,B,B,B,B,B,B,B,B,H,H,H,H,-,H,-,H,H,B,H,H,H,H,A,A,A,A,-,A,-,H,H,H,H,A,A,H,H,H,H,H,B,B,H,H,H,H,H,H,A,A,H,H,A,A,A,A,A,A,A,A,A,A,A,H,H,B,H,H,H,H,H,H,H,H,H,B,B,B,H,A,A,A,A,A,A,A,A,A,B,B,B,B,B,B,B,B,B,H,H,H,B,H,H,A,A,-,H,H,B,B,B,B,H,B,H,H,H,H,H,H,H,H,H,H,B,B,B,H,H,-,H,H,H,H,H,H,B,H,H,A,A,-,A,H,H,H,H,H,H,H,H,H,H,H,B,-,A,A,A,A,A,A,A,H,H,H,H,H,H,A
11.4439,1.1648,126.0712,A,A,A,A,A,A,A,A,A,A,-,H,H,H,A,A,A,A,H,H,H,H,H,H,B,B,H,H,A,A,A,-,A,A,A,A,A,H,B,H,A,A,A,H,H,-,H,H,H,H,H,H,H,H,H,H,B,B,H,H,B,H,H,H,B,-,B,-,H,H,-,H,H,H,A,H,H,H,A,H,H,H,H,H,H,H,H,H,A,A,H,H,H,A,B,B,B,B,-,B,B,B,B,B,-,-,H,H,H,H,H,A,A,A,H,A,A,A,H,A,A,A,A,A,A,A,A,A,H,B,B,H,H,H,H,-,H,H,H,H,H,H,B,B,B,B,H,H,H,H,H,H,H,A,A,A,A,A,A,A,A,-,A,H,H,H,H,H,H,H,H,H,H,H,H,H
9.0354,0.9218,90.3476,B,B,B,-,H,H,H,H,H,H,H,H,H,H,B,-,B,B,B,B,H,H,H,H,H,H,A,B,-,B,B,H,-,A,A,A,H,H,H,A,-,A,A,A,A,-,A,H,B,B,B,B,B,B,B,B,B,B,H,H,H,H,H,H,H,H,H,H,H,H,-,H,H,H,B,H,H,H,A,A,A,A,A,A,A,H,-,H,H,H,H,H,H,H,H,A,A,A,A,A,H,H,-,H,H,H,H,H,H,H,H,H,-,H,H,H,H,A,A,H,B,H,H,H,A,A,A,H,B,B,B,B,B,B,B,B,A,A,H,H,H,H,H,H,H,H,H,H,H,H,H,H,-,H,B,B,A,-,A,A,A,-,A,A,A,A,A,A,A,B,B,B,B,B,B,B
12.1394,1.1374,101.3729,H,H,H,-,H,H,H,H,H,H,H,H,H,B,B,B,B,B,B,H,H,H,H,H,B,B,H,H,A,A,H,H,H,H,-,H,H,H,H,B,H,H,H,H,H,H,H,H,A,A,A,-,A,A,A,A,A,A,A,A,A,H,H,B,B,B,B,H,H,H,H,H,H,H,H,H,H,H,H,A,A,A,A,A,A,B,B,B,B,B,B,B,B,B,H,A,A,A,A,A,A,H,A,A,A,A,-,A,A,A,A,H,H,B,B,B,B,B,B,A,A,A,A,A,A,A,A,A,B,B,H,H,H,H,B,A,H,-,H,H,H,H,H,H,A,H,H,H,H,H,H,H,H,B,B,B,B,B,B,B,B,-,A,A,H,A,H,H,H,H,H,H,H,H,H,H
11.1349,1.0552,95.0524,A,A,A,H,H,H,H,H,H,B,H,H,H,H,H,H,A,A,H,H,H,H,H,H,B,-,A,A,A,H,H,A,A,A,A,A,H,H,H,H,H,H,H,H,H,H,-,H,H,H,H,H,H,H,H,H,H,-,H,A,A,A,A,A,-,A,H,H,H,H,B,H,H,H,H,H,H,-,H,H,H,H,H,B,B,A,A,-,H,H,H,H,H,H,B,B,B,H,B,B,H,H,H,H,H,H,H,H,H,H,H,H,H,A,H,H,H,H,H,H,H,H,H,H,A,-,A,A,B,B,B,B,B,B,B,B,H,H,H,H,H,H,H,H,-,A,A,A,A,B,B,B,B,A,H,H,H,H,H,H,H,-,H,H,A,H,H,H,A,H,B,B,B,B,B,H
8.6229,0.8823,115.9497,A,A,A,A,A,A,A,A,A,A,A,A,H,B,H,H,H,H,H,H,H,H,A,A,A,A,A,A,A,A,H,H,A,A,A,A,A,A,A,A,A,A,A,A,H,H,A,A,H,H,H,H,H,H,A,A,-,A,H,-,B,B,B,H,H,H,H,B,H,H,H,B,H,A,H,H,H,H,H,-,H,H,A,A,H,A,A,H,H,H,H,H,H,-,H,B,B,B,B,B,B,B,B,B,A,A,A,A,-,A,H,B,B,B,B,H,-,A,A,H,H,A,H,H,H,H,H,H,-,A,H,H,H,H,H,H,A,-,A,A,H,H,-,H,H,H,H,H,H,-,-,B,H,-,H,H,H,H,H,H,H,-,H,H,B,H,H,H,B,-,H,-,H,B,B,-
8.6402,0.7762,84.801,A,A,H,H,H,H,A,H,A,H,H,H,H,H,H,H,H,H,H,H,A,-,H,A,H,H,A,-,H,H,H,H,H,A,A,A,A,A,A,A,A,A,A,B,B,B,B,H,H,B,B,H,H,H,H,H,H,H,H,H,H,H,H,H,H,H,H,H,H,A,H,A,A,A,A,A,B,B,H,H,H,H,H,H,-,A,A,H,H,B,B,H,H,H,A,H,H,B,B,B,B,H,H,H,H,H,H,H,H,H,H,B,H,H,H,-,H,H,H,B,B,B,B,B,B,H,H,H,H,H,H,H,B,B,B,B,H,-,H,A,H,H,H,H,H,H,H,H,H,H,H,H,H,B,B,B,H,H,B,B,B,-,H,H,H,A,A,H,H,A,A,A,A,-,A,H
10.3126,0.96,118.488,H,H,A,A,A,H,-,H,H,H,H,H,H,H,A,A,H,A,A,A,H,H,H,H,H,H,A,-,A,A,A,A,A,H,-,H,H,A,A,A,-,A,A,A,A,A,A,A,H,-,H,H,B,H,B,H,H,B,B,B,B,H,B,H,A,H,H,A,A,A,B,-,B,B,H,H,A,H,H,B,B,B,B,H,H,H,H,H,H,H,H,B,H,H,B,B,H,-,H,H,H,H,A,A,A,A,-,A,A,A,A,H,B,B,B,B,H,H,H,H,H,H,H,A,A,H,H,H,B,-,B,H,A,A,A,-,H,-,H,-,H,H,H,B,B,H,H,H,A,-,A,A,A,A,A,A,A,A,H,H,H,-,H,H,H,H,H,H,H,B,B,B,B,B,B,H
10.4129,0.9839,96.2435,A,A,A,A,A,A,H,H,H,H,B,H,H,H,H,H,H,A,A,A,H,B,B,B,H,B,A,A,-,A,H,H,H,H,H,B,B,B,B,-,H,H,H,H,H,H,B,B,A,A,A,A,A,A,H,H,-,H,H,H,H,H,B,H,H,B,B,B,B,B,H,H,H,H,H,H,B,H,H,H,H,B,B,B,B,B,-,H,B,B,B,H,H,H,H,A,A,H,A,A,H,H,H,H,H,H,H,B,B,-,H,A,A,A,H,A,A,H,H,A,A,A,H,H,B,B,H,H,B,B,B,B,B,B,B,B,H,-,H,H,H,H,H,H,B,-,H,B,B,B,B,B,B,B,B,H,H,H,H,H,H,-,H,H,B,H,B,B,B,H,H,H,H,H,H,H
7.3979,0.742,69.3336,-,B,B,B,B,B,H,H,B,B,B,B,H,H,A,A,A,A,B,B,H,H,H,B,B,B,H,B,B,B,H,H,H,H,H,H,H,H,A,H,-,H,H,B,H,A,A,A,H,-,H,H,H,H,H,H,H,H,H,A,A,A,H,H,H,H,H,A,A,A,H,H,A,A,A,A,H,H,A,A,A,A,A,A,H,B,B,H,H,H,H,H,H,-,A,H,H,H,H,A,H,H,A,A,A,A,-,-,A,A,A,B,B,B,H,A,A,A,A,H,H,H,H,A,H,B,B,H,A,A,A,A,-,A,A,A,H,-,H,H,H,H,H,-,H,H,H,H,H,H,A,A,A,H,H,H,H,H,H,H,H,-,A,A,-,A,A,A,H,B,B,H,H,H,H,H
11.6498,1.0677,106.3298,B,B,B,-,B,B,B,B,B,B,B,B,B,B,H,H,H,H,H,H,H,A,A,A,A,A,B,B,B,B,B,B,B,B,H,H,H,H,H,B,B,B,H,B,H,H,H,H,H,H,-,H,H,H,H,H,H,H,H,H,H,A,B,H,H,H,H,H,A,A,H,A,A,A,-,H,B,B,H,H,A,H,B,B,B,-,H,H,H,H,B,B,H,H,H,H,H,B,B,B,B,B,H,H,H,H,H,B,B,B,B,H,H,-,H,H,H,H,H,B,-,B,-,H,H,H,H,B,H,H,-,H,H,H,B,B,B,B,B,H,H,A,A,A,A,H,H,H,H,B,B,H,H,A,A,A,A,A,A,A,A,-,H,H,H,H,-,H,B,A,A,A,A,A,-,H
11.3959,1.1213,88.2695,H,-,H,H,H,H,H,H,H,H,H,H,H,H,H,H,H,H,H,H,H,H,H,H,A,A,H,H,H,H,B,B,B,-,B,B,B,B,B,H,H,B,B,B,B,H,H,A,H,H,H,H,H,H,H,H,H,H,A,A,A,A,H,A,A,A,A,H,H,B,H,B,H,H,H,-,H,B,B,B,-,B,B,B,B,H,A,H,H,H,H,H,H,H,H,H,B,B,B,B,B,B,B,B,B,B,B,H,A,A,H,H,H,B,B,B,B,B,H,B,H,H,H,H,H,H,H,H,A,A,A,A,A,A,A,A,H,H,A,A,A,A,A,H,H,A,A,A,A,A,A,A,A,H,-,H,H,H,H,H,H,-,A,A,H,A,A,H,H,H,B,B,B,B,B,B
9.4681,0.9846,112.9604,B,B,-,B,B,-,B,-,B,B,B,B,B,H,B,B,B,B,B,B,B,B,-,B,B,B,H,H,H,A,A,A,H,H,H,H,H,H,H,B,B,B,B,B,B,B,B,B,H,H,H,H,H,H,H,H,H,H,A,A,H,H,-,A,A,A,A,-,H,H,H,H,H,H,H,H,A,A,H,H,H,-,B,B,B,B,H,A,A,A,H,-,H,H,H,H,H,H,A,A,H,H,B,B,B,B,H,H,H,H,H,H,H,H,H,H,H,H,H,H,-,H,H,H,H,H,H,H,-,H,H,H,H,H,H,A,B,-,B,B,B,H,H,H,A,-,B,H,H,H,H,H,H,H,H,B,H,H,H,H,H,-,B,B,B,B,B,-,B,A,A,A,A,H,H,H
10.7521,1.1389,112.4781,H,H,H,H,H,H,H,A,A,H,H,H,H,H,H,H,H,H,H,B,B,B,A,A,A,A,B,H,H,H,H,H,H,H,H,A,A,A,A,-,B,B,B,B,B,H,H,A,A,A,A,A,A,A,A,A,H,H,H,H,A,A,H,A,A,A,H,H,H,H,A,B,H,H,H,H,A,A,A,A,A,A,A,A,A,B,B,B,B,B,B,B,H,H,A,A,A,-,A,A,A,A,A,-,B,B,B,B,B,B,B,B,B,H,B,H,H,H,H,H,H,H,H,H,-,H,H,H,A,A,A,A,A,A,A,A,B,-,H,H,A,H,H,H,H,-,A,A,A,-,H,H,H,H,H,B,B,B,B,H,H,-,H,A,B,A,A,B,B,H,H,H,H,H,H,H
9.3134,0.9738,91.7812,H,H,H,H,H,H,H,H,B,B,B,B,B,B,H,H,H,H,H,H,A,-,A,A,A,A,B,B,B,B,B,B,B,B,H,A,A,A,A,A,A,H,A,A,A,A,A,A,H,-,H,-,H,H,H,H,H,H,A,A,A,A,A,H,B,B,B,H,H,H,A,B,H,H,H,A,H,A,A,A,A,-,H,B,B,H,H,H,H,H,B,B,B,B,A,A,A,A,A,A,A,A,H,H,H,H,H,H,H,H,H,H,H,A,A,A,H,H,H,H,H,H,H,B,B,B,-,B,B,B,H,H,H,H,H,H,H,-,H,H,H,H,H,H,H,B,B,B,B,B,A,A,A,A,A,A,A,A,H,H,H,H,A,A,A,A,A,A,A,H,H,H,H,H,A,A
8.8316,0.9004,69.5797,H,H,H,-,H,-,H,H,H,H,H,H,B,H,A,A,A,A,A,A,A,H,H,B,B,-,A,A,A,H,H,H,H,H,A,A,A,A,A,-,-,H,H,A,-,A,A,A,H,H,H,H,H,H,H,H,-,B,A,A,A,A,B,B,B,B,B,B,B,-,H,-,H,H,A,A,A,A,A,-,H,H,H,B,H,-,H,B,B,B,-,B,-,B,A,H,H,H,H,H,H,B,B,B,H,H,A,B,H,H,H,H,H,H,H,H,H,H,H,H,H,B,B,-,B,B,B,B,H,B,B,B,B,B,B,-,A,-,A,A,A,A,H,H,H,A,A,-,A,A,A,A,A,H,H,H,A,A,A,A,A,-,H,H,H,B,-,H,H,H,H,B,B,B,B,B
11.0516,1.1243,111.9067,H,B,B,B,B,H,H,H,H,H,H,H,H,H,H,H,H,H,A,A,A,-,A,A,A,A,H,H,H,H,H,H,H,A,A,A,A,B,B,A,A,A,H,H,B,B,B,-,H,H,H,H,H,H,H,B,B,B,B,H,H,H,H,B,B,B,B,A,A,H,B,B,H,H,H,H,A,A,A,-,-,H,H,H,H,B,-,B,B,H,H,H,H,H,B,B,B,B,B,B,B,H,H,H,H,A,A,A,-,H,H,H,H,H,B,B,B,H,H,H,H,H,H,H,H,H,H,H,A,A,A,A,A,A,A,A,A,A,-,B,H,H,H,H,H,A,H,H,H,H,H,A,A,H,H,H,H,H,H,H,H,-,-,H,A,H,H,A,A,A,H,H,H,H,H,H
10.1551,1.1067,106.2957,A,A,A,-,A,A,A,A,A,H,H,H,H,H,H,H,H,H,H,H,H,H,H,H,H,H,H,H,H,H,H,H,H,H,H,H,A,A,A,A,A,-,H,-,H,H,-,H,B,B,B,B,B,B,B,H,H,H,A,A,A,A,A,A,A,A,A,H,-,B,H,B,B,B,B,B,A,H,H,H,A,A,A,A,A,A,A,A,H,H,H,A,A,A,H,A,A,A,A,A,A,A,B,B,B,H,H,H,H,H,H,B,B,H,H,-,H,H,H,H,H,H,H,H,H,H,H,H,A,A,A,A,H,H,H,H,B,-,H,H,H,H,B,B,B,A,A,A,H,H,H,A,A,H,A,A,A,A,A,H,H,-,H,A,H,A,A,H,H,A,A,A,A,H,H,H
9.1283,0.9102,93.859,H,H,H,A,H,A,A,A,A,A,-,A,-,A,H,H,H,H,H,H,H,H,H,H,H,H,H,B,H,H,H,H,H,H,H,H,H,B,B,H,A,H,H,H,H,H,H,H,B,H,H,H,H,H,H,H,H,H,H,H,H,H,H,H,H,H,A,B,H,-,A,-,-,H,H,H,H,H,H,H,H,H,H,H,H,H,H,H,H,H,H,B,B,-,A,A,A,A,A,A,A,A,H,H,H,H,H,B,H,H,H,A,A,A,H,A,A,A,A,A,H,H,H,A,A,A,A,A,A,-,A,A,A,A,H,H,H,H,B,B,B,H,-,H,H,H,H,H,H,H,H,H,H,H,-,H,H,H,H,H,H,-,A,A,H,A,A,H,H,B,B,B,B,-,H,H
10.9905,1.0867,108.233,B,H,H,-,H,H,H,H,H,A,A,H,A,A,B,H,H,H,H,H,H,H,H,H,H,H,H,H,H,H,H,A,A,A,A,A,A,H,H,H,H,A,H,H,H,-,H,H,B,B,B,B,B,B,-,B,B,H,H,H,H,-,H,H,H,H,A,A,A,A,B,B,H,H,H,-,B,B,B,B,B,B,B,H,H,H,H,H,H,H,H,H,A,A,B,B,B,B,H,H,H,H,H,A,A,A,A,A,A,A,A,A,A,H,H,A,A,A,A,A,H,H,H,H,H,H,H,H,H,H,H,B,B,B,B,H,H,B,B,B,B,H,H,H,H,H,A,A,A,H,H,H,A,H,H,H,H,H,H,H,-,-,H,H,H,-,H,H,H,A,A,A,A,A,H,H
10.6684,1.0894,85.8973,H,A,A,H,H,H,B,B,B,H,H,H,H,H,A,A,A,A,A,H,H,H,H,H,H,H,H,H,H,H,H,H,H,H,H,H,H,H,H,B,B,B,H,H,H,H,H,H,H,H,H,H,A,A,B,B,-,B,H,H,H,-,B,A,A,A,A,A,A,A,H,B,H,H,H,H,A,A,A,A,H,H,H,H,A,A,A,A,H,H,H,-,B,B,H,H,H,H,B,B,H,H,H,H,H,H,H,H,H,H,H,H,-,H,H,H,H,H,H,H,H,H,H,H,H,H,H,A,B,H,H,H,H,H,H,H,A,-,A,A,A,A,A,A,H,A,A,A,A,A,A,H,B,H,H,H,A,A,H,-,H,-,A,A,A,A,A,A,A,H,B,B,B,B,-,B
12.0509,1.1998,97.6702,H,A,A,A,A,A,A,A,-,H,H,H,A,A,H,B,B,B,H,H,A,A,A,H,H,B,H,H,H,H,H,H,H,B,H,H,-,A,H,A,A,A,A,A,-,-,A,A,A,A,H,H,H,H,H,H,H,H,H,H,H,H,H,A,A,-,A,B,-,B,H,B,H,H,H,H,H,H,H,H,B,B,B,B,H,A,A,H,H,H,H,B,B,-,H,H,H,H,H,H,H,H,H,H,H,H,-,H,H,H,H,A,A,A,H,H,H,H,H,A,A,A,A,H,A,A,A,A,A,A,A,A,H,H,A,A,A,-,H,H,H,H,H,H,H,B,B,B,B,B,B,B,B,H,H,A,H,H,A,A,A,-,B,B,H,B,B,H,H,H,H,H,H,H,H,H
10.3607,0.9785,106.0131,H,H,B,-,B,B,B,B,H,H,H,H,H,H,H,H,H,H,H,H,H,A,A,A,A,A,H,-,H,H,H,H,H,H,H,H,H,H,H,A,A,A,A,A,A,A,A,A,B,B,-,H,H,H,H,H,H,A,A,-,A,A,H,H,H,H,H,-,H,B,B,B,B,B,-,B,-,H,H,H,B,B,B,B,B,H,H,H,B,B,H,H,H,H,B,B,B,B,B,B,H,H,H,H,H,H,H,A,H,H,H,H,H,H,H,-,H,H,H,H,H,H,H,H,H,A,A,A,A,A,H,H,H,H,H,H,A,-,A,-,H,H,H,H,H,H,A,A,-,A,H,H,H,H,H,A,A,A,A,A,-,-,B,H,H,H,H,H,H,H,H,H,H,H,H,-
11.179,1.1592,88.2841,H,H,H,H,H,H,H,H,H,A,A,A,-,A,-,-,A,A,A,A,H,H,H,H,B,-,H,H,H,H,H,H,H,H,H,H,H,H,H,H,H,H,H,H,H,H,H,H,H,A,A,A,H,A,A,A,A,A,B,H,H,H,H,B,H,B,B,B,B,B,B,B,B,B,B,B,H,H,H,H,H,H,B,B,-,B,H,-,H,H,B,B,B,B,B,B,B,B,B,-,H,A,A,A,A,A,-,A,A,A,A,H,B,B,B,B,B,-,B,-,H,B,-,B,B,B,B,B,B,B,H,H,B,B,B,H,A,-,A,H,H,H,H,H,H,B,B,B,B,B,B,B,B,-,H,H,H,H,H,H,H,-,H,H,A,H,H,H,A,H,H,H,H,H,H,A
9.421,0.9569,103.2142,H,A,A,A,H,B,B,H,H,H,H,H,H,H,B,B,B,B,B,B,B,B,B,B,B,B,A,H,H,H,-,H,H,H,H,H,H,H,H,A,A,A,A,A,H,H,H,H,B,B,B,B,B,B,B,B,B,B,B,B,B,B,H,H,H,H,H,B,H,H,H,H,A,H,-,B,A,A,H,B,H,H,H,H,H,B,B,B,B,B,B,-,B,B,A,H,-,B,B,B,-,H,B,B,H,H,B,B,B,B,B,A,A,A,A,H,H,B,B,H,B,B,B,B,H,B,B,B,A,H,-,-,H,H,H,A,B,B,B,B,B,B,B,B,B,H,H,H,A,A,A,H,H,A,A,A,A,A,H,H,H,-,B,B,B,B,B,B,B,B,H,A,A,H,H,H
10.74,1.1096,108.9032,H,H,H,-,H,H,H,H,H,A,A,H,H,H,-,H,H,H,H,B,B,B,B,B,B,B,H,H,H,A,A,A,A,H,H,H,-,H,H,B,B,B,B,B,B,B,B,A,B,B,B,B,B,B,B,B,H,H,A,A,H,H,H,H,H,B,B,H,A,A,B,A,A,A,H,H,H,H,H,H,H,H,H,H,H,H,H,H,A,A,A,A,A,A,B,B,B,B,B,-,H,H,H,H,H,A,A,H,H,H,B,H,H,H,H,H,H,H,H,A,A,A,A,A,A,H,H,H,B,B,B,B,B,B,-,H,B,B,B,B,B,B,B,B,B,H,H,H,A,A,H,H,B,H,H,H,-,H,H,-,H,H,H,H,H,H,H,H,A,A,A,A,A,A,A,A
11.7495,1.0583,111.9722,B,B,B,-,B,B,B,B,B,B,B,B,B,H,H,H,H,H,H,H,A,A,A,A,A,A,-,H,H,A,A,A,A,A,A,A,A,A,A,H,H,H,A,A,A,-,A,A,B,B,B,B,B,B,H,H,H,H,A,A,A,A,A,A,A,H,H,H,H,H,H,B,H,A,A,A,H,-,H,H,H,H,H,H,H,H,H,A,A,-,-,H,-,H,H,H,H,H,H,H,H,H,H,A,A,-,A,A,A,A,H,H,H,H,B,B,B,B,B,H,H,B,B,H,H,H,H,H,A,A,A,A,A,A,H,H,-,A,H,H,A,A,A,A,A,H,H,-,H,B,B,H,H,A,A,A,-,-,H,H,H,-,H,H,B,-,H,H,H,H,A,A,A,A,H,H
8.9943,0.9815,104.6674,H,H,B,B,B,B,B,-,B,B,B,H,H,H,B,B,B,B,B,B,B,B,H,A,A,A,A,A,H,H,B,B,B,B,B,H,B,B,B,A,H,H,H,H,H,A,H,H,H,H,H,B,B,B,B,B,B,H,H,H,H,H,H,H,H,H,H,H,H,B,H,H,A,A,A,H,H,B,B,B,H,H,H,B,B,A,A,-,A,H,H,B,B,B,B,H,H,A,A,A,A,A,H,-,H,H,H,H,H,H,H,H,H,H,B,H,H,B,B,B,B,B,B,B,-,B,H,H,B,B,B,B,B,B,B,B,A,A,-,B,B,B,H,H,H,H,H,H,H,H,A,A,A,H,H,A,A,A,H,H,H,-,H,H,B,H,B,B,B,H,H,H,H,H,H,H
12.081,1.2232,111.1793,A,A,A,-,H,H,H,H,H,B,B,B,B,B,H,H,H,-,A,A,H,H,H,H,H,H,B,B,B,B,B,B,H,H,H,H,A,A,A,A,H,H,H,H,H,H,H,H,A,A,-,A,A,A,H,H,B,B,A,-,A,A,H,-,A,A,A,H,H,-,H,-,H,-,H,H,H,H,-,H,H,H,H,H,H,B,B,B,B,H,H,A,A,A,H,H,H,H,H,H,B,B,B,B,B,H,H,H,H,H,H,-,H,H,H,H,H,H,B,B,H,H,A,A,A,A,A,H,H,H,H,H,H,-,H,H,A,-,H,H,H,H,A,H,B,H,B,H,H,H,-,H,H,B,B,B,B,B,B,H,H,-,-,A,A,A,A,A,A,H,H,H,H,B,A,-
10.9722,1.0062,54.6032,H,A,H,-,A,A,A,A,A,A,H,B,B,B,A,A,A,A,A,H,H,-,B,H,H,H,A,A,A,A,A,A,A,A,A,A,A,H,H,H,B,H,H,H,H,H,A,A,A,H,H,H,H,H,H,H,H,H,H,A,A,A,H,A,A,-,A,B,B,B,B,B,B,B,B,B,H,B,B,B,B,B,B,H,H,A,A,A,A,A,A,A,A,A,B,-,B,H,H,H,H,H,H,A,A,A,-,A,A,A,A,A,A,H,B,B,B,-,B,H,A,A,A,A,H,B,B,B,H,H,H,H,H,B,B,B,A,-,A,A,A,A,H,H,H,B,H,A,A,A,A,H,-,A,A,A,A,A,A,A,A,-,A,A,A,A,A,A,A,H,H,H,A,-,A,A
9.1898,0.7984,71.0245,B,B,B,B,B,B,-,A,A,A,A,A,H,H,H,H,H,H,H,B,B,B,H,H,A,H,B,B,B,B,B,B,B,H,H,H,H,H,H,A,A,A,A,H,H,H,H,H,-,H,B,B,H,H,H,B,B,B,B,B,B,-,B,B,B,H,-,A,A,A,A,H,A,A,A,-,H,A,H,H,H,H,H,H,H,H,B,-,H,H,B,H,H,H,A,H,H,B,B,B,B,B,H,H,A,A,H,-,H,H,H,A,A,A,H,A,A,A,A,H,H,H,A,A,A,A,A,A,B,B,B,B,-,B,B,H,B,-,H,-,H,H,H,H,H,H,H,A,A,A,B,B,A,H,H,H,H,-,A,A,A,-,H,H,H,H,H,H,H,B,B,B,B,B,B,B
9.3009,0.9006,28.6067,A,H,H,H,H,H,H,H,H,H,A,A,A,A,A,A,A,H,H,H,H,H,H,B,B,B,A,A,A,H,H,A,A,A,-,H,A,A,A,H,H,H,H,H,H,H,H,H,H,H,H,H,H,H,H,H,H,H,H,H,H,H,H,H,H,H,A,B,B,B,B,B,B,B,H,H,H,H,H,H,H,H,H,H,H,A,A,A,A,A,A,A,A,A,H,B,B,B,B,B,B,B,H,H,H,-,H,H,A,A,A,H,H,-,H,H,H,A,A,H,H,A,A,A,-,B,H,H,H,A,A,A,A,A,A,A,H,H,-,H,H,H,A,A,A,B,H,H,H,H,H,H,H,B,B,B,B,H,H,H,H,H,H,B,B,B,B,B,B,-,B,-,H,H,H,H
11.0703,1.1651,45.8101,B,H,H,H,H,H,H,H,H,B,B,B,B,B,-,B,H,H,B,H,H,H,H,H,H,H,B,B,H,H,-,H,H,H,H,H,H,-,B,B,B,B,B,B,B,B,B,B,-,B,B,B,H,H,H,H,H,A,B,B,B,B,B,B,B,B,-,B,B,B,H,B,B,B,B,B,H,H,H,H,B,B,B,H,A,-,H,H,H,H,H,H,H,A,H,H,H,H,H,B,B,B,H,H,H,H,A,A,H,H,H,A,A,H,H,H,H,H,H,H,A,A,A,H,H,H,H,H,B,B,B,B,B,B,-,H,B,B,B,B,B,B,H,H,H,A,H,H,H,B,H,H,H,A,A,A,A,A,A,A,A,A,A,A,H,H,H,H,H,H,H,A,A,H,H,H
10.4427,1.1222,56.2164,B,B,B,B,H,H,H,H,H,H,H,-,B,B,-,H,-,H,H,H,H,H,H,H,H,-,B,B,B,B,B,B,B,B,B,H,H,A,A,H,H,H,H,H,H,H,H,H,H,H,H,H,H,H,H,H,H,H,A,A,A,A,H,H,H,H,H,A,H,H,H,H,H,B,B,B,H,B,A,H,H,H,H,H,B,H,H,B,B,B,B,B,B,B,-,H,H,A,A,A,A,H,H,H,H,H,H,A,A,A,A,A,A,A,H,A,H,H,H,H,H,H,H,H,-,H,H,B,A,-,A,A,A,A,A,H,B,B,B,B,B,B,B,H,H,H,A,A,A,A,A,H,H,H,H,H,A,A,H,H,B,-,H,H,A,H,H,H,-,B,B,B,B,B,B,B
8.965,0.9718,80.2933,B,B,B,-,B,H,H,-,H,B,B,B,B,H,H,H,H,H,H,H,H,B,H,H,H,H,H,H,B,B,-,B,B,B,H,H,H,H,H,-,B,H,B,-,H,H,B,B,H,H,H,H,-,-,B,B,H,H,H,A,A,A,H,A,A,A,H,B,B,B,H,B,B,H,H,H,A,A,A,A,A,A,A,A,H,-,H,H,H,H,H,H,H,A,H,H,H,B,B,B,B,B,H,H,H,H,H,H,H,H,-,B,B,B,B,B,B,B,H,H,H,H,H,H,H,H,H,H,B,B,B,B,H,A,A,A,B,-,B,H,H,H,B,B,B,A,A,A,A,B,B,H,H,H,H,H,H,H,H,-,H,-,B,B,A,B,H,H,A,H,H,H,H,H,H,H
13.0308,1.0872,56.137,A,A,A,-,B,B,B,-,B,B,B,B,B,B,H,H,H,H,-,H,H,H,A,-,A,A,H,H,H,B,B,B,B,B,B,B,H,H,H,A,A,H,H,H,H,H,H,H,B,-,B,B,B,B,H,H,H,H,H,H,H,H,H,H,B,H,H,B,B,B,H,B,H,H,H,H,H,H,B,B,B,H,H,A,A,H,H,H,-,H,H,H,H,H,H,H,H,H,H,H,H,B,H,H,H,H,H,H,H,H,A,H,A,A,A,A,A,A,A,H,H,H,H,H,H,H,A,H,B,B,B,B,B,B,-,H,H,-,H,H,H,H,H,H,H,H,H,H,H,B,B,B,B,H,H,H,H,A,A,A,A,-,A,A,H,A,H,H,H,A,A,A,A,H,H,H
9.6814,0.9664,50.3556,B,B,B,B,B,B,B,H,H,H,H,H,H,H,H,H,H,-,-,B,B,B,H,H,H,H,H,H,H,B,B,B,B,B,-,B,B,B,B,H,H,H,H,H,H,H,H,A,H,B,H,H,H,B,B,-,H,H,A,A,A,A,B,H,H,H,H,H,B,B,A,B,-,H,H,H,B,B,A,A,A,H,H,-,H,H,H,H,H,H,H,A,A,A,H,H,H,B,B,B,B,H,H,H,A,A,H,H,B,B,B,H,H,H,H,H,B,B,B,H,H,H,H,H,H,H,H,H,A,A,A,H,H,H,H,H,B,B,B,B,B,B,H,H,H,H,H,H,H,H,H,H,H,H,H,H,H,H,H,B,-,B,H,H,H,H,H,H,H,-,A,A,A,A,A,A
9.5836,0.8891,61.1638,B,B,B,B,H,H,H,H,H,A,A,H,H,H,H,H,H,H,H,A,A,A,A,-,A,H,H,H,H,H,H,H,H,H,H,H,H,H,H,H,H,H,H,H,H,H,B,B,H,B,H,H,H,H,H,B,B,B,H,H,H,H,H,A,A,A,H,H,H,H,-,H,H,H,H,H,B,B,B,B,B,B,B,B,B,H,H,H,B,B,B,-,H,H,B,B,H,H,-,H,H,H,H,H,H,H,A,A,A,A,A,H,H,H,H,H,H,H,H,B,B,B,B,B,B,B,B,B,B,H,H,H,H,H,H,H,H,-,H,H,A,A,H,H,H,H,B,B,B,B,B,B,B,B,B,B,B,H,B,B,B,-,-,B,H,B,H,H,H,A,-,-,H,H,H,H
11.1792,1.0421,49.0994,H,A,A,-,A,A,A,A,A,A,A,A,A,A,H,H,H,H,H,H,-,H,H,H,B,B,B,B,H,H,H,H,A,A,A,-,A,A,A,A,A,A,A,A,A,A,A,A,B,B,B,B,B,B,B,H,H,H,H,B,B,B,B,B,H,H,B,H,H,H,H,H,H,-,H,H,H,H,H,-,H,H,A,A,H,H,H,H,H,H,H,H,H,H,H,A,A,A,A,A,A,A,-,A,A,H,H,H,H,-,H,B,B,B,B,B,H,H,H,H,H,H,H,H,H,H,H,H,B,-,H,H,H,H,H,H,B,H,A,A,A,A,H,H,H,A,A,H,H,H,A,A,A,H,A,A,A,A,A,A,H,-,A,A,H,A,H,H,H,B,H,B,B,B,B,B
10.9101,1.0927,79.626,H,H,H,H,B,B,B,B,B,B,B,B,H,H,-,H,H,H,A,-,H,H,-,H,H,H,B,B,B,B,H,B,B,B,H,H,H,H,H,B,B,B,H,H,H,H,A,A,B,B,H,H,H,H,H,B,-,H,A,H,H,H,H,H,H,B,B,H,H,H,-,H,A,-,B,-,H,H,A,A,A,A,A,H,H,H,-,H,H,H,A,A,A,A,H,-,A,A,A,A,A,H,A,H,H,H,H,B,B,B,B,B,B,B,-,B,B,B,B,H,H,A,H,H,H,H,H,H,A,A,A,A,H,H,H,A,H,-,H,H,H,B,B,A,A,A,A,A,A,H,H,H,H,A,A,A,H,H,H,H,H,-,B,B,H,B,A,H,B,B,H,H,H,H,H,B
8.2627,0.7795,54.5686,A,H,-,-,H,H,H,H,H,H,H,H,B,H,B,B,B,B,B,B,A,A,A,A,A,A,B,B,B,-,B,B,B,B,B,B,B,-,H,A,-,A,A,A,A,A,A,A,H,-,H,H,H,H,B,B,B,B,H,H,H,H,H,H,H,H,H,-,H,H,H,H,H,H,H,H,-,B,B,B,B,B,B,B,B,H,H,H,H,H,H,H,B,B,H,H,H,H,H,H,H,H,H,H,H,H,B,H,H,H,H,H,H,H,B,B,B,B,H,H,H,B,H,H,H,H,A,A,H,A,H,H,H,H,H,H,H,H,H,H,A,H,-,H,B,B,B,B,B,B,B,B,B,B,B,B,B,H,H,H,H,H,H,-,B,B,B,-,B,-,H,A,A,A,A,H
10.399,1.0008,56.896,H,H,H,H,-,H,-,B,B,-,B,B,-,B,A,A,H,H,H,H,B,B,B,B,B,B,H,A,A,A,A,H,H,H,H,H,H,H,H,H,H,H,H,H,H,H,H,H,H,H,H,H,H,H,H,A,H,H,B,B,B,B,B,B,B,H,H,H,H,-,B,B,H,A,H,H,H,H,H,B,B,B,B,B,B,B,B,B,B,B,B,H,A,H,B,H,H,A,H,H,H,H,B,B,A,H,H,H,A,H,A,H,H,H,H,A,A,A,A,H,H,H,H,H,H,H,H,H,A,A,A,A,A,A,A,H,B,-,B,B,B,H,H,H,A,B,B,B,H,H,-,B,B,B,B,B,B,B,B,B,B,-,-,H,H,H,H,H,H,B,-,-,B,B,H,H
6.6388,0.7622,69.8582,A,A,A,A,A,A,A,A,A,A,A,A,A,A,A,-,A,A,A,A,A,A,A,A,A,A,H,H,H,H,H,A,H,H,-,A,A,A,A,H,H,H,B,H,B,A,A,A,B,B,B,B,H,H,H,H,-,H,H,H,-,H,H,H,H,H,A,B,B,B,H,B,-,H,H,B,B,H,H,H,H,B,B,H,A,-,A,A,H,B,B,B,H,H,H,H,-,A,H,H,A,A,H,H,H,B,-,B,B,H,H,H,H,H,H,H,B,H,H,B,-,B,B,B,B,B,B,B,H,H,H,H,B,B,B,B,A,-,A,H,H,H,A,A,A,B,B,B,H,H,H,A,-,H,H,H,H,H,H,H,H,-,B,-,B,B,B,-,B,A,A,A,A,A,A,A
10.7338,1.0934,72.8065,A,A,A,A,H,H,H,H,H,H,H,H,H,H,B,B,B,B,B,B,H,H,B,-,B,B,H,H,H,-,H,A,A,H,H,H,B,B,B,A,A,A,H,H,H,H,H,H,A,A,H,-,H,A,H,H,B,B,A,A,A,A,H,A,A,A,A,H,H,H,H,H,H,H,H,H,H,A,A,H,H,H,B,B,B,B,B,B,B,B,B,B,B,B,H,H,H,H,H,H,-,H,H,H,H,H,H,H,B,H,H,H,H,H,H,B,B,B,B,-,H,H,H,H,H,H,H,H,H,H,H,H,H,H,-,H,A,A,A,A,A,H,H,H,H,-,H,H,H,H,H,H,B,H,H,H,H,A,A,A,A,-,B,-,A,H,A,A,A,H,H,H,H,B,B,B
7.7726,0.7948,61.3149,A,A,H,-,H,H,H,A,A,A,A,A,H,H,H,B,B,B,B,B,B,B,H,H,B,B,B,B,H,A,H,H,H,H,H,H,H,H,H,H,H,H,H,H,H,H,H,H,B,B,B,B,B,B,H,A,A,A,A,A,A,A,H,A,A,H,H,H,H,H,A,B,H,H,B,B,A,A,A,A,A,A,A,H,A,B,B,-,H,H,H,H,H,H,A,A,A,A,A,H,H,-,B,-,B,B,B,B,B,B,B,A,A,A,H,A,A,A,H,H,H,H,A,A,A,A,A,A,H,H,H,H,H,-,H,H,B,-,H,H,H,A,H,B,H,H,H,H,H,H,H,H,H,H,H,H,H,A,A,A,A,-,H,H,H,H,-,H,H,-,A,-,A,-,A,A
8.9624,0.9028,50.775,H,H,H,H,H,H,H,H,H,H,H,H,B,B,-,H,H,-,H,H,-,H,H,H,A,H,H,A,A,A,A,H,A,A,H,A,A,-,H,B,B,H,H,H,B,B,B,B,H,H,H,H,H,H,H,H,B,B,A,-,H,H,H,A,A,H,H,B,B,B,B,B,B,B,B,B,A,A,A,A,A,A,A,H,H,H,H,H,H,-,H,B,B,B,B,B,H,H,H,H,H,H,H,H,H,-,-,A,H,B,B,H,H,B,B,B,B,B,B,A,A,A,H,H,H,H,H,H,H,A,H,H,H,H,H,H,A,-,A,A,A,A,A,H,H,A,A,A,A,A,A,A,A,-,B,-,B,B,H,H,H,-,H,H,H,H,H,H,H,H,H,H,H,H,H,H
10.276,1.0039,36.1559,H,H,H,-,H,H,H,H,H,H,H,A,H,H,A,A,A,A,A,A,A,A,A,A,A,H,H,H,A,A,A,A,A,A,H,A,H,H,H,H,H,B,B,B,H,H,-,H,B,B,B,-,B,B,B,B,B,H,B,B,B,B,H,A,A,A,A,H,H,H,H,B,H,H,-,B,B,B,B,B,-,B,H,H,H,A,A,A,A,A,A,B,-,B,A,H,B,B,B,B,B,B,A,A,A,A,H,H,H,H,H,H,A,A,-,-,H,H,H,B,B,B,B,B,B,H,H,H,H,H,A,A,A,A,A,A,B,H,B,B,B,B,B,-,-,H,H,H,H,B,B,B,H,H,H,H,H,H,H,H,H,-,H,H,A,H,A,A,H,H,H,H,H,H,H,H
11.4102,1.1433,78.4997,H,H,A,A,A,A,A,H,A,-,A,A,A,H,H,H,H,B,B,B,B,B,B,B,B,B,B,B,H,H,H,H,H,H,H,H,H,H,H,A,H,H,H,H,B,B,-,B,H,H,B,B,B,B,-,B,H,H,B,B,B,B,B,H,H,H,A,H,H,H,H,H,A,A,A,A,H,H,H,H,H,H,H,H,H,H,H,H,H,H,H,A,A,-,H,A,A,A,A,A,A,H,-,B,B,B,B,-,B,B,B,H,H,H,H,H,A,A,A,H,H,B,B,H,A,A,H,H,H,H,-,H,-,A,A,A,B,-,B,B,B,B,B,B,B,A,H,H,H,H,H,H,H,A,A,H,H,H,H,H,H,-,H,B,B,-,H,H,B,H,H,-,H,H,A,A
10.7684,1.0695,75.2257,B,B,B,B,B,B,H,H,H,H,-,A,A,A,H,H,H,H,A,A,A,A,H,H,A,A,-,H,H,H,H,H,H,H,H,H,H,H,H,B,H,A,A,A,A,H,H,A,B,B,-,B,-,H,H,H,H,H,B,B,B,H,H,H,B,B,B,H,H,B,H,B,B,B,B,B,-,A,A,A,A,H,H,H,H,H,H,A,A,A,-,A,H,H,H,A,A,A,A,H,H,H,A,A,A,A,A,H,H,B,B,A,-,A,A,H,A,A,A,H,H,H,B,B,H,H,H,H,B,B,B,B,H,H,A,A,A,-,H,H,H,H,A,A,H,A,A,A,A,A,H,H,H,H,H,-,H,H,H,H,H,H,H,H,A,A,A,A,A,H,H,H,H,H,H,A
11.5098,1.1655,73.7349,A,A,A,-,A,A,H,H,H,H,-,B,B,H,H,B,B,B,B,B,B,H,A,A,A,A,H,H,H,H,A,A,A,A,A,A,A,A,A,A,A,B,B,B,B,B,B,B,B,B,B,B,H,H,H,B,B,B,H,H,H,B,B,B,B,B,B,B,H,H,A,H,A,A,A,A,H,H,H,H,H,H,-,H,H,A,A,H,B,B,B,B,B,-,A,A,A,H,H,H,H,A,A,A,A,A,A,A,A,A,A,H,H,H,A,A,A,A,A,H,H,H,H,H,H,H,H,H,H,H,H,H,H,H,H,H,B,-,-,B,B,B,B,B,B,A,A,A,A,A,A,H,H,A,H,H,H,H,H,-,B,-,H,H,H,H,H,-,H,A,A,A,A,A,A,A
10.5452,0.9432,83.7914,-,H,B,B,B,B,B,-,B,B,B,B,B,B,B,H,H,H,H,H,H,H,H,-,H,H,H,H,H,-,B,B,B,H,H,H,A,A,A,B,B,B,B,B,B,-,H,H,A,A,H,B,B,B,B,B,B,B,A,A,A,A,H,A,A,A,A,H,H,H,H,H,H,B,B,B,A,A,A,A,A,-,A,H,H,H,H,H,H,-,H,B,B,B,-,H,A,A,A,A,A,A,H,B,B,B,H,H,H,H,H,H,B,H,H,H,H,H,A,B,B,B,B,B,B,H,H,H,A,A,A,A,A,A,A,A,A,-,H,H,H,B,B,B,H,H,H,H,H,-,H,A,A,H,H,H,H,H,H,B,B,-,H,B,H,B,H,H,H,H,H,-,H,H,H,H
8.2227,0.8799,46.9414,A,A,A,-,A,A,A,A,A,A,H,H,H,H,A,A,A,A,A,-,A,A,A,A,A,A,A,H,H,H,H,H,H,H,H,A,A,A,-,H,H,H,H,H,H,H,H,H,B,B,B,-,B,B,B,B,B,-,B,B,B,B,B,B,B,B,-,B,B,B,B,-,B,A,A,A,H,H,H,H,A,A,A,A,A,A,A,H,H,H,H,H,H,H,B,-,B,B,-,H,H,H,H,H,H,H,H,H,H,H,H,B,B,B,B,B,B,B,-,B,B,H,H,H,H,H,B,B,H,H,H,H,H,H,H,H,H,-,H,H,A,A,A,A,A,H,H,A,-,A,-,A,A,H,H,H,H,H,A,A,A,A,H,A,H,H,A,H,A,H,H,H,A,H,H,H
8.8006,0.8173,62.5278,B,B,B,-,B,B,B,B,B,B,B,B,B,B,H,H,H,A,H,H,H,H,B,B,B,B,B,B,H,H,H,H,-,H,H,H,H,H,H,B,B,H,H,A,A,A,A,A,B,H,B,H,H,H,H,B,-,B,H,A,A,A,H,A,A,A,A,-,H,H,A,H,A,A,A,A,B,B,B,B,B,H,A,A,A,H,H,H,H,H,B,B,B,B,A,A,A,A,A,A,A,A,H,H,H,H,H,H,-,H,H,H,H,H,B,H,H,H,H,H,H,H,H,H,H,H,H,H,A,A,H,H,A,A,A,A,H,-,H,H,H,A,A,A,A,H,A,H,H,H,A,A,H,H,H,H,H,H,H,H,H,-,H,H,B,B,B,B,B,A,-,B,H,H,H,H
10.9908,1.0485,80.1219,A,A,A,H,H,H,H,H,H,H,H,H,B,B,A,H,H,H,H,-,A,A,A,A,A,A,H,H,H,A,A,A,A,A,H,H,B,B,B,H,H,B,H,H,H,H,H,H,-,H,A,A,A,H,H,H,-,H,H,H,A,A,H,A,A,A,A,B,B,B,H,B,B,B,B,B,A,A,-,A,A,A,H,H,H,A,A,A,H,H,B,B,B,B,H,H,B,B,B,B,B,B,B,H,-,H,H,H,H,H,H,B,B,H,B,H,H,H,H,A,A,A,H,B,B,B,A,A,B,-,-,H,H,H,H,H,B,B,B,B,B,H,B,H,H,H,H,-,H,H,H,H,H,A,A,A,A,A,A,A,A,-,H,H,H,H,H,H,H,H,H,H,H,H,H,H
11.7383,1.1469,65.5648,A,A,A,-,A,A,A,A,H,H,H,H,A,A,B,B,B,B,H,H,H,B,B,B,B,H,A,A,H,H,H,H,B,B,H,H,A,A,A,H,-,A,A,A,A,H,A,A,B,B,B,B,B,B,B,B,B,H,H,H,H,H,H,A,A,A,A,H,H,H,-,H,H,-,H,H,-,B,B,H,H,H,H,H,H,A,A,A,A,A,-,A,A,A,A,A,A,A,A,A,A,H,H,H,H,H,A,A,A,A,A,H,H,H,H,H,B,H,H,-,B,H,H,-,H,H,A,H,B,A,H,H,H,H,H,H,H,-,H,H,B,B,B,B,B,A,A,A,H,H,H,B,H,H,H,-,H,H,H,H,H,-,H,-,A,-,A,A,A,-,-,H,H,H,H,H
9.9351,1.0325,58.005,H,H,H,H,H,H,H,H,B,B,B,B,B,B,B,B,B,B,B,B,B,B,B,B,B,B,-,H,H,H,A,A,A,A,A,A,-,H,H,A,A,A,A,-,A,H,H,H,H,H,H,H,H,H,H,H,H,H,H,-,A,A,-,A,H,H,-,H,H,H,H,H,H,H,H,H,H,B,B,B,B,B,B,B,B,H,H,H,H,H,H,H,H,B,B,H,H,H,H,H,H,H,A,A,A,A,A,A,A,H,H,H,A,A,H,A,A,A,A,B,B,B,B,B,B,B,B,B,H,H,H,H,H,B,B,H,A,-,A,A,A,A,-,A,-,H,H,-,H,H,H,A,A,A,A,H,B,B,B,B,H,-,H,A,H,A,A,A,H,A,A,A,A,A,-,A
11.5362,1.1585,73.0073,B,B,B,B,B,B,H,B,H,H,H,A,A,A,B,B,B,B,B,-,B,H,H,H,H,A,H,A,A,A,H,H,H,H,H,H,H,H,H,H,B,B,B,B,H,A,A,A,A,A,A,H,B,H,H,H,A,A,H,H,H,H,-,-,H,-,H,H,H,H,A,B,B,B,B,B,B,H,H,H,H,-,H,H,H,H,H,A,A,A,A,A,A,-,A,H,B,B,B,-,H,A,B,B,B,B,B,B,H,H,A,H,B,B,B,B,B,B,B,H,H,H,B,H,H,H,H,H,H,H,H,A,-,A,H,H,H,-,A,A,A,H,H,H,H,B,-,-,H,H,H,H,H,H,H,A,-,A,A,B,B,H,H,H,B,H,H,H,B,-,H,H,H,H,H,B
8.4987,0.8882,70.5338,A,A,H,H,H,A,A,A,A,-,A,H,H,H,B,B,B,B,B,H,H,A,H,H,A,H,B,B,B,B,B,B,B,B,B,H,H,-,H,A,A,A,A,A,A,A,A,A,A,H,H,H,B,B,B,B,B,B,B,A,A,A,A,A,A,H,-,H,H,H,H,H,H,H,H,H,B,B,B,B,H,B,B,B,B,A,A,A,A,-,H,H,H,H,H,H,H,H,H,H,H,A,B,B,B,B,B,B,H,H,H,H,H,H,H,H,H,H,H,B,H,-,H,H,-,H,H,H,H,-,B,H,H,B,B,B,A,A,A,A,A,A,A,A,A,H,H,A,A,A,A,H,H,B,B,B,B,B,B,B,B,-,H,A,-,A,H,H,H,H,H,H,-,H,H,H
10.5073,1.1161,65.7839,H,H,H,-,H,H,B,B,B,B,B,B,H,H,A,H,H,H,H,H,H,H,A,A,A,A,H,B,B,B,B,B,B,B,B,-,-,B,-,B,B,B,B,H,B,-,H,H,-,H,H,H,H,H,H,H,H,H,H,H,H,-,B,H,A,A,A,A,A,A,B,B,A,-,A,A,A,A,A,H,H,H,H,H,H,B,B,B,B,B,B,B,B,B,-,B,B,B,H,B,H,H,H,H,H,H,H,H,H,H,H,A,A,A,A,A,A,A,A,H,H,B,B,B,-,H,H,B,B,B,H,H,B,B,B,B,H,H,H,B,B,-,B,B,B,B,-,B,B,B,B,B,B,A,A,A,A,A,A,A,A,A,H,H,H,H,H,H,B,H,H,H,H,H,B,B
12.3254,1.158,56.3791,B,H,A,-,H,H,H,H,H,B,H,H,H,H,H,H,H,H,H,H,H,H,H,H,H,H,A,A,-,A,H,H,H,H,H,-,A,A,H,B,-,B,B,B,B,B,B,H,B,H,H,B,-,-,B,H,H,H,B,H,B,B,B,B,B,B,B,B,B,H,H,H,A,H,H,H,A,A,A,A,A,A,A,A,A,H,H,H,A,A,A,A,A,A,B,H,H,H,H,H,H,H,H,H,H,H,B,B,H,A,A,H,H,H,H,H,H,H,A,A,-,H,H,H,-,H,H,H,H,H,H,H,-,H,H,A,H,H,H,H,-,A,A,A,A,-,H,H,H,H,B,B,B,B,B,B,B,B,B,B,B,-,H,H,B,H,H,H,B,B,B,B,B,B,H,H
8.3491,0.8499,49.9146,A,A,A,-,A,A,H,B,B,B,B,B,B,H,B,B,H,H,H,B,B,B,B,B,B,B,A,A,A,H,H,B,H,H,B,H,H,H,H,H,H,H,-,-,B,-,B,B,B,H,H,H,H,-,H,H,H,H,B,-,H,H,B,A,-,-,H,H,H,H,H,H,H,H,B,B,A,H,H,B,B,B,H,H,H,B,B,B,B,B,B,B,B,B,A,H,H,H,B,B,B,B,A,A,A,A,A,H,H,-,H,H,H,A,A,A,A,H,H,H,H,H,H,H,H,B,B,-,H,H,H,H,H,H,H,H,B,-,B,B,B,H,H,H,H,-,B,B,B,B,B,B,B,H,A,A,A,A,H,H,H,-,H,H,H,H,A,H,B,B,B,B,B,B,B,B
10.9819,1.067,98.6603,A,A,H,-,H,H,H,A,A,A,A,A,H,H,H,B,B,B,B,B,B,B,H,H,B,B,B,B,H,A,H,H,H,H,H,H,H,H,H,H,H,H,H,H,H,H,H,H,B,B,B,B,B,B,H,A,A,A,A,A,A,A,H,A,A,H,H,H,H,H,A,B,H,H,B,B,A,A,A,A,A,A,A,H,A,B,B,-,H,H,H,H,H,H,A,A,A,A,A,H,H,-,B,-,B,B,B,B,B,B,B,A,A,A,H,A,A,A,H,H,H,H,A,A,A,A,A,A,H,H,H,H,H,-,H,H,B,-,H,H,H,A,H,B,H,H,H,H,H,H,H,H,H,H,H,H,H,A,A,A,A,-,H,H,H,H,-,H,H,-,A,-,A,-,A,A
11.3583,1.1457,72.5033,H,H,H,-,H,A,A,A,A,A,A,A,A,A,A,A,A,-,H,H,A,A,A,A,A,A,B,H,H,H,H,-,H,H,H,H,H,A,A,A,A,A,A,A,A,A,A,A,A,A,A,B,B,H,H,H,H,H,A,A,A,A,A,A,A,A,A,H,H,-,H,B,H,A,A,A,H,H,H,H,-,B,B,B,B,B,B,H,H,H,-,H,H,B,H,H,H,H,H,H,H,H,A,A,A,H,H,H,H,H,H,H,H,H,A,A,A,A,A,B,B,B,B,B,B,B,B,B,A,H,A,A,A,A,A,H,B,B,H,B,B,B,B,B,B,H,H,H,H,H,H,-,B,A,A,A,A,A,A,A,A,A,A,A,H,A,A,A,H,H,H,A,A,A,A,A
10.3335,1.0099,91.647,A,A,A,A,H,H,H,H,H,H,B,-,B,B,B,B,B,B,B,B,H,A,A,A,A,A,H,H,H,H,H,H,H,H,H,-,A,A,H,A,A,A,A,A,A,A,H,H,A,A,A,A,A,A,A,A,H,H,-,H,H,-,H,H,-,H,H,A,A,A,H,A,A,-,H,H,H,-,H,H,H,H,H,B,B,A,A,A,A,A,A,A,A,H,H,H,H,H,H,H,H,H,A,A,A,A,A,H,H,H,H,H,H,H,B,B,B,B,B,A,A,A,A,-,A,A,A,A,H,H,H,H,H,H,H,A,B,H,H,H,H,H,A,A,A,B,B,B,B,B,B,-,B,B,B,B,B,B,-,H,H,H,H,H,B,-,H,H,B,B,-,B,B,H,H,-
12.0682,1.2859,96.3903,H,H,A,A,A,A,A,A,A,A,A,A,-,A,B,B,B,B,B,B,H,H,-,H,H,B,H,H,H,A,A,A,A,A,A,H,H,H,H,A,A,A,A,A,-,H,H,H,B,B,H,H,H,H,B,H,H,A,H,A,A,A,A,A,A,H,H,H,-,H,H,B,H,H,H,A,A,A,A,A,A,A,A,A,A,A,A,A,A,A,A,A,A,A,H,H,H,H,H,H,H,H,H,H,H,H,H,H,-,B,H,A,A,A,-,H,H,H,H,H,H,H,H,H,H,B,B,-,H,H,H,H,H,H,H,H,H,-,H,H,H,H,H,H,A,A,-,A,A,A,H,H,H,-,A,H,H,H,H,-,H,-,B,H,H,H,H,H,H,A,A,-,A,A,A,A
10.8963,1.1058,53.1313,A,A,A,-,-,A,A,B,H,H,H,H,H,H,H,H,H,H,H,-,H,H,H,H,-,H,H,H,H,H,H,H,H,H,A,B,B,B,B,-,H,H,H,H,-,A,A,H,H,H,-,H,H,H,H,H,H,H,H,H,H,H,B,H,H,H,H,H,H,H,A,H,H,A,A,A,H,H,H,H,H,H,H,H,B,A,H,H,H,H,H,B,B,B,A,A,A,A,A,H,H,H,H,H,H,H,H,H,H,H,H,A,A,A,H,H,H,H,H,B,-,-,B,B,B,H,B,B,A,A,A,A,A,H,H,A,H,-,H,H,H,H,H,-,H,H,H,H,H,H,H,-,-,B,B,B,B,B,B,B,B,-,A,H,A,H,H,H,A,B,B,B,H,H,B,B
11.8257,1.1187,74.3063,H,B,B,B,B,B,B,B,B,B,H,H,H,A,H,B,B,B,H,H,H,H,A,A,A,H,H,H,H,H,H,B,B,B,H,H,H,B,H,A,A,A,H,H,B,B,B,B,H,H,H,H,H,B,B,B,B,H,H,H,H,A,H,A,A,H,H,H,H,A,A,A,A,H,H,H,H,H,H,B,B,B,B,H,H,B,B,B,B,B,B,B,B,B,A,A,H,H,H,-,H,H,H,H,H,A,A,-,A,-,A,H,H,H,H,H,-,H,H,A,A,A,H,H,H,H,H,H,H,H,H,H,B,B,B,B,A,H,A,A,A,A,H,H,H,A,A,A,A,A,A,A,A,H,H,H,-,B,B,B,B,-,A,-,H,A,H,H,H,H,H,B,B,-,H,H
11.025,1.0281,62.8025,H,H,A,A,A,A,A,H,H,H,H,H,H,H,H,H,H,H,A,A,A,A,A,A,A,A,H,H,H,H,A,A,H,-,H,H,H,H,A,A,A,A,A,A,H,A,B,B,H,H,H,-,H,H,H,H,H,H,B,B,B,B,B,B,H,H,H,H,A,A,H,H,H,-,H,B,B,B,-,H,B,B,B,B,B,H,H,H,H,H,H,H,H,B,H,H,H,H,B,B,H,-,H,H,-,H,H,H,H,H,H,B,-,-,B,H,H,H,H,H,-,H,H,H,A,A,A,A,A,A,A,A,A,A,A,H,H,-,H,H,H,H,H,H,H,A,A,-,H,H,H,H,H,B,B,B,B,B,B,B,B,B,H,A,A,A,A,A,B,A,A,A,A,A,A,A
12.0268,1.1973,79.2354,A,A,A,A,A,H,H,-,A,A,A,A,A,A,H,H,A,A,A,-,H,H,H,B,B,B,A,H,H,H,H,H,H,H,H,H,A,H,H,A,A,A,H,H,H,B,B,B,H,H,H,H,B,B,B,B,B,B,H,H,A,A,A,A,A,-,A,H,B,B,-,B,B,B,B,B,H,H,A,H,A,A,A,A,A,H,H,B,B,B,B,B,B,B,H,A,A,A,H,H,A,H,H,H,H,H,B,-,H,H,H,A,A,A,H,A,A,A,A,A,A,H,B,H,H,H,H,H,A,A,A,A,-,A,A,A,H,-,H,A,A,-,H,A,A,H,H,A,A,H,H,H,H,H,B,B,B,H,H,H,H,H,-,A,H,A,A,A,H,A,A,A,A,A,A,H
8.6189,0.8579,69.7687,B,B,B,-,A,A,H,H,H,H,H,H,H,H,H,H,H,H,H,H,A,A,A,A,A,H,H,H,H,H,H,A,A,A,A,A,A,A,A,B,B,B,B,B,B,B,B,B,-,H,A,A,A,A,A,A,A,A,H,H,H,H,B,B,B,B,B,A,A,A,B,H,A,A,A,A,A,H,-,H,H,B,B,B,B,B,B,B,B,B,B,B,B,-,B,B,B,B,B,B,B,B,H,A,A,-,A,H,B,A,A,B,B,H,H,H,B,B,B,B,B,B,B,B,B,B,B,B,H,H,H,B,B,B,B,B,B,-,B,B,B,B,B,B,B,B,B,B,B,B,B,B,H,H,H,H,H,H,H,B,B,B,H,H,H,H,H,H,H,H,H,H,H,H,H,H
9.1149,0.9378,47.4412,B,B,B,-,H,H,H,H,H,H,B,H,A,A,B,B,H,H,H,B,B,B,H,H,H,-,B,B,B,B,B,H,H,H,H,H,H,A,A,H,H,B,B,B,B,B,H,B,A,A,A,A,A,H,H,A,A,A,A,A,A,A,H,A,A,H,H,H,H,H,H,A,A,H,H,H,B,B,B,B,B,B,B,B,B,H,H,H,H,H,H,H,H,H,H,H,H,H,H,H,H,H,A,H,H,-,A,-,A,A,H,A,A,A,H,A,-,H,H,B,B,B,B,B,B,B,B,H,B,-,B,B,B,B,B,B,H,-,H,H,B,B,A,A,A,H,B,B,B,B,B,B,-,H,B,B,B,B,B,B,B,-,H,H,B,-,B,B,B,-,A,A,A,A,-,-
10.818,1.0288,82.7158,H,H,H,H,H,-,B,B,B,B,B,B,B,-,-,H,B,B,B,B,-,B,B,B,H,H,H,H,H,H,H,H,H,H,H,H,H,H,H,H,H,-,H,-,H,H,H,B,A,A,A,H,H,H,A,A,A,H,B,B,H,-,B,H,H,H,H,B,B,B,H,B,H,H,H,H,-,A,A,A,H,H,H,H,H,-,A,A,A,A,A,A,A,A,H,H,H,H,H,H,H,H,H,H,H,H,H,H,-,B,B,A,A,H,B,B,B,B,B,H,H,H,H,H,-,H,H,H,-,H,H,H,H,H,H,A,H,-,B,H,-,B,B,B,H,H,H,H,A,A,H,-,H,A,A,A,A,A,A,H,H,-,A,H,A,-,A,A,A,A,H,B,B,-,H,H
11.3436,1.0828,68.7983,A,H,B,B,-,-,B,B,B,B,H,H,A,A,B,B,B,B,B,H,A,A,A,A,A,H,H,H,H,H,H,A,H,H,B,B,B,B,B,-,H,H,H,H,H,H,B,B,H,H,H,H,H,H,H,H,H,H,H,H,H,H,H,H,H,H,H,-,H,H,H,H,H,H,H,H,B,B,-,B,B,B,H,H,A,H,H,H,A,A,A,A,A,H,H,H,H,H,H,B,H,H,-,H,H,H,-,H,H,B,B,B,B,H,B,A,A,A,A,H,H,H,H,H,H,H,H,H,H,H,H,A,H,H,H,A,A,H,H,H,H,H,H,H,H,H,H,H,H,H,A,A,-,H,H,A,A,-,H,H,H,-,H,H,H,H,H,H,H,H,H,H,A,-,A,B
7.8479,0.7735,65.1457,B,H,H,-,B,B,B,B,B,B,B,B,B,B,H,H,H,H,H,H,H,H,A,A,A,A,H,H,B,B,B,B,H,H,H,H,H,H,H,H,H,H,H,H,H,H,H,H,A,A,A,H,H,H,H,A,A,A,B,B,B,B,B,B,B,B,B,H,H,A,B,A,A,A,A,A,B,-,H,-,H,H,H,H,A,A,A,H,H,A,A,A,A,A,B,B,B,B,B,A,-,H,-,H,B,B,B,H,H,A,A,H,H,H,H,H,H,H,A,H,B,B,H,-,H,H,H,H,H,H,H,H,H,H,B,B,A,-,A,H,H,H,H,H,H,H,H,B,H,H,H,H,H,A,A,A,A,A,A,A,A,-,A,A,H,A,A,A,H,B,B,B,B,B,B,-
8.5186,0.8421,77.3821,H,H,H,H,H,H,H,H,H,H,A,H,H,H,B,B,B,B,H,-,H,H,H,H,B,B,H,H,A,A,A,H,H,H,H,H,H,H,H,H,H,A,A,A,A,A,A,A,A,-,A,A,A,H,H,H,H,H,H,H,H,H,H,H,H,H,H,H,H,H,B,B,H,H,H,H,H,H,H,H,H,H,H,H,H,H,-,H,H,H,H,H,H,H,-,-,B,B,B,-,B,B,H,H,H,H,H,B,B,B,B,H,H,B,B,H,-,H,H,H,H,H,H,H,H,A,A,A,-,A,-,A,H,H,H,-,H,-,A,H,H,A,A,A,A,H,H,H,H,B,B,B,B,H,H,H,-,-,H,H,H,-,H,H,H,-,H,H,A,H,H,H,H,A,A,A
10.1574,1.0576,64.2808,B,B,B,B,B,B,B,B,B,H,H,B,B,B,B,B,B,B,H,H,H,H,-,B,H,H,B,B,B,B,B,H,H,H,H,H,H,H,H,H,H,H,H,H,H,H,H,H,B,B,B,B,B,H,H,-,H,H,-,B,H,A,A,A,H,H,H,H,H,H,H,B,H,H,H,H,H,H,H,H,H,H,H,H,H,B,B,B,B,B,B,H,B,B,H,B,B,B,B,B,B,B,H,H,H,H,B,B,B,B,B,H,H,H,B,H,H,H,H,H,H,-,H,H,H,H,H,A,H,H,H,H,H,H,A,A,H,H,H,-,H,A,A,H,H,A,A,A,A,-,A,A,A,A,A,A,H,H,H,H,H,-,H,H,H,H,H,H,H,B,-,B,B,B,B,B
8.139,0.8737,49.7233,A,A,A,A,A,A,A,A,A,A,H,H,H,H,A,H,H,H,H,A,A,A,A,A,A,A,H,H,H,H,H,A,A,A,-,A,A,A,A,H,H,H,H,H,H,H,A,A,A,A,A,A,A,H,H,H,H,H,B,B,B,B,B,A,A,A,A,H,H,H,A,B,B,B,B,H,H,H,H,-,B,A,H,H,B,H,B,B,H,A,A,H,H,B,H,A,A,A,A,B,B,B,A,-,H,A,A,H,B,H,H,H,H,H,H,B,B,B,B,A,A,A,A,A,A,A,A,A,A,H,H,H,H,H,H,H,B,-,B,B,H,H,A,A,A,B,B,B,H,H,H,H,H,B,H,H,B,B,H,A,A,-,B,B,-,B,B,B,H,H,H,H,H,H,H,H
10.4842,1.0617,65.4056,H,H,H,H,H,H,H,H,H,H,H,H,H,H,B,B,B,B,B,-,H,H,H,B,B,B,H,H,H,H,H,A,A,A,A,A,A,A,A,B,B,H,H,H,H,B,B,B,A,A,A,A,A,A,A,H,-,H,H,-,H,H,H,H,H,H,-,B,B,H,A,B,H,H,H,H,H,-,H,A,A,A,A,A,A,H,H,H,H,-,H,H,-,H,A,A,A,A,A,A,H,H,H,H,H,A,H,H,H,H,H,H,H,H,H,H,H,H,H,H,H,H,H,H,H,B,B,B,A,A,A,H,H,-,H,H,H,-,H,H,-,A,A,A,A,A,H,H,A,A,A,A,A,-,B,B,B,B,B,H,H,H,H,A,A,A,A,A,A,A,A,A,A,A,A,A
10.517,0.9971,66.0147,B,B,B,B,B,H,H,H,H,H,B,B,A,A,A,A,A,A,A,A,A,A,H,H,H,B,H,H,H,H,A,H,H,H,H,H,H,H,H,H,H,B,B,-,H,H,H,H,B,B,B,B,B,B,H,H,H,B,B,H,B,B,B,B,B,B,B,A,A,A,A,A,A,A,A,A,A,A,A,A,A,B,B,B,H,B,H,H,H,H,H,H,H,H,A,A,A,A,A,A,A,A,H,H,H,H,H,B,B,B,B,-,H,B,B,B,B,-,B,H,H,H,H,H,H,B,B,H,H,H,H,H,H,H,H,H,H,H,H,H,H,H,H,H,H,B,-,B,B,H,H,H,H,H,H,H,B,B,B,B,B,B,H,H,B,H,B,B,B,A,H,H,A,A,A,A
11.0499,1.0775,77.7252,H,H,H,A,A,A,H,H,H,H,H,A,A,H,-,-,H,H,H,H,H,H,B,B,H,-,H,H,H,A,A,A,A,A,A,A,A,A,A,H,H,H,H,A,A,A,A,A,B,B,B,B,B,B,B,H,H,H,H,H,H,H,B,B,B,B,B,A,A,A,A,H,A,H,A,A,H,H,H,H,H,H,H,A,A,H,H,H,H,H,H,H,H,H,A,A,A,A,A,H,A,A,A,A,A,A,A,A,A,A,A,H,H,-,B,B,B,B,B,B,B,-,B,B,B,B,B,B,H,H,H,B,B,B,B,B,H,H,H,H,H,H,H,H,H,H,H,A,H,H,A,A,A,H,H,B,B,B,B,B,B,-,B,H,H,B,B,H,H,H,H,H,H,H,H,B
8.0042,0.8238,84.1628,A,A,A,-,A,A,A,A,A,H,H,H,H,H,B,B,H,H,H,H,H,B,B,B,B,B,H,H,-,H,H,H,H,H,H,H,H,H,H,A,A,A,A,A,H,H,H,B,A,H,A,A,A,A,H,H,H,H,A,A,A,A,A,A,A,A,A,B,B,H,H,H,H,B,B,B,A,A,A,A,A,A,A,A,A,H,H,H,H,H,H,H,H,-,B,B,H,H,B,B,A,A,-,H,H,H,H,H,A,A,A,A,A,H,B,H,H,H,H,H,H,A,A,A,A,A,A,A,B,B,H,B,B,B,H,H,A,-,A,A,A,A,H,H,H,A,A,A,A,-,H,H,H,A,A,A,A,A,A,H,H,-,-,H,H,H,H,H,H,H,H,A,-,H,A,A
10.3419,1.0543,97.2647,H,H,H,-,H,A,H,A,A,A,A,A,A,A,A,A,A,A,H,A,A,A,A,A,A,A,H,H,H,B,B,B,B,B,-,B,B,B,B,-,A,H,H,H,A,A,A,H,B,B,A,A,H,H,H,A,A,A,H,H,H,-,B,B,B,H,-,H,A,A,H,H,A,A,A,A,H,H,H,H,H,H,H,H,H,H,H,H,H,H,H,H,H,H,H,H,H,H,H,H,H,H,H,B,B,B,H,H,H,H,H,A,A,-,A,A,B,B,B,H,H,-,A,-,A,H,H,H,B,B,H,A,A,A,A,H,H,-,H,H,H,H,H,H,H,H,H,A,B,B,B,B,B,H,H,H,H,H,H,H,H,-,B,B,B,B,B,B,B,H,H,H,B,B,B,B
7.962,0.8876,97.7662,H,A,A,A,A,A,A,A,A,A,A,A,A,A,H,H,H,H,H,H,H,H,H,H,H,H,H,H,-,H,H,H,H,H,H,H,-,H,H,H,H,H,B,H,H,-,H,H,B,B,B,B,B,H,A,A,A,A,B,B,B,B,B,B,B,B,B,H,H,H,H,H,A,A,A,A,B,B,B,B,H,-,H,H,H,B,-,B,B,B,B,B,B,B,B,H,B,-,H,H,H,H,H,H,H,B,B,B,B,H,A,A,A,A,H,A,A,A,A,H,H,H,H,H,H,H,H,H,-,H,A,A,A,A,A,A,H,H,A,H,H,H,H,H,H,A,H,A,A,A,-,A,A,A,A,A,A,A,A,H,H,-,B,B,H,B,B,B,H,H,H,H,H,H,H,H
12.368,1.2249,100.2865,A,A,H,H,H,H,H,H,A,-,A,A,A,A,A,A,A,A,A,A,-,A,H,H,H,H,B,B,B,H,H,H,H,B,B,H,B,B,B,H,A,A,A,A,A,A,A,A,B,H,B,B,B,H,H,H,H,H,H,H,H,H,H,H,H,A,A,H,B,B,H,B,B,B,B,B,H,H,H,H,H,H,H,H,H,H,H,-,H,H,H,H,H,H,H,H,H,B,B,B,B,B,H,H,H,A,H,H,H,H,H,H,H,B,B,B,B,B,B,H,H,H,H,H,H,H,H,H,-,B,B,B,H,H,H,H,H,-,-,H,H,H,H,H,H,A,A,A,A,A,A,H,B,A,-,H,H,H,H,-,H,-,H,B,H,H,H,-,H,B,B,B,H,H,H,H
11.4777,1.1885,134.283,H,H,H,-,B,B,B,B,B,B,B,B,H,B,B,B,B,B,-,H,H,H,H,H,H,H,A,A,A,A,A,H,H,H,H,H,H,H,H,H,H,H,H,H,H,H,H,H,A,A,A,H,-,H,H,H,H,H,A,H,A,A,H,-,A,A,A,B,B,B,A,B,H,H,H,H,H,H,H,H,H,H,H,H,H,B,B,H,A,A,A,A,A,A,A,A,A,A,A,A,A,A,B,B,B,B,B,B,B,H,H,B,B,H,H,H,H,H,H,-,H,H,H,A,A,A,A,H,H,H,A,A,H,B,B,H,H,H,H,H,H,H,H,H,H,A,A,A,A,A,A,H,H,B,H,B,B,B,B,H,H,H,H,H,A,H,H,A,A,B,B,B,B,B,B,B
10.6019,1.1521,125.8792,A,-,A,H,H,H,H,A,H,A,H,H,H,H,B,H,A,A,A,A,A,H,H,H,H,H,A,A,A,A,A,A,A,A,A,A,A,A,A,B,B,B,B,-,B,B,B,B,B,B,B,B,B,B,H,B,B,H,H,B,B,B,B,B,B,B,B,B,-,H,A,-,H,H,-,H,H,H,H,H,H,H,H,H,H,H,H,H,H,H,H,A,A,A,H,A,H,H,H,B,B,H,H,A,A,A,H,A,A,A,A,H,B,B,-,B,B,B,B,H,H,-,B,B,B,B,B,B,H,A,A,H,B,B,B,B,A,A,A,A,A,H,B,B,H,H,H,B,B,H,H,H,H,B,B,B,H,H,H,H,H,-,H,H,H,H,H,H,H,A,A,A,A,A,H,H
8.9831,0.8844,93.015,B,B,H,H,H,H,H,H,H,A,A,A,A,A,B,B,B,H,H,H,H,B,-,H,A,A,B,B,B,B,B,H,H,-,H,H,H,H,H,H,H,H,H,H,H,-,H,H,A,A,H,B,-,B,B,B,B,B,A,A,A,A,H,H,H,H,H,B,H,H,A,B,H,A,A,-,A,A,A,A,A,A,A,H,H,B,H,H,H,H,H,H,H,H,A,A,A,A,A,H,H,H,B,B,-,B,B,B,B,B,B,H,H,H,H,H,H,H,H,H,-,H,H,H,H,H,H,H,A,A,A,A,A,A,A,A,B,-,B,B,H,H,H,A,A,H,-,H,H,H,H,B,B,B,B,B,B,B,B,-,-,-,H,H,A,-,H,H,A,H,-,A,A,A,A,A
9.8151,0.9857,100.2788,H,A,A,-,A,A,A,A,A,A,A,A,H,-,A,A,A,A,A,A,A,A,H,H,H,H,H,A,A,H,H,H,H,H,H,H,H,H,H,H,B,B,-,B,B,B,B,B,H,H,H,H,H,H,H,H,H,H,A,H,H,H,B,H,H,H,H,H,H,H,H,H,H,H,H,H,A,-,-,H,B,B,B,B,B,H,H,H,H,H,H,H,H,H,H,H,H,H,H,H,H,H,B,B,B,B,B,B,B,B,B,B,B,B,B,-,B,B,B,H,-,-,A,A,A,A,A,H,B,B,B,B,H,H,H,H,-,-,H,-,H,H,H,H,H,-,B,B,H,H,H,H,H,A,A,A,A,A,A,A,A,-,A,A,A,A,A,A,A,-,A,A,A,A,H,H
10.5901,1.0212,110.4868,H,H,H,-,H,H,H,H,H,-,H,H,H,H,H,H,H,H,A,A,A,H,H,B,B,B,H,H,H,-,H,A,A,-,A,A,A,A,A,B,B,B,B,B,B,B,B,H,H,H,B,B,H,H,B,B,B,B,H,H,H,H,-,A,A,A,A,A,A,A,B,H,H,H,-,H,H,H,H,H,H,B,B,B,B,A,A,A,A,A,A,A,H,B,B,H,H,H,H,H,H,H,A,A,A,A,A,A,A,A,A,A,A,A,A,A,A,A,A,H,H,H,H,H,H,A,A,A,H,H,H,H,H,H,H,H,A,A,-,A,A,A,A,H,H,B,B,B,B,B,B,B,H,H,H,A,A,A,A,A,H,-,H,H,A,A,A,A,A,H,H,H,H,H,H,H
9.3045,0.9874,90.9845,H,H,H,H,H,H,A,H,H,H,H,H,B,B,H,H,H,H,H,H,H,H,H,H,H,-,H,H,A,A,A,A,A,A,A,A,A,A,A,B,B,-,B,H,H,H,H,H,H,H,H,A,A,A,A,A,A,A,B,B,B,-,B,B,H,H,H,A,A,A,A,A,A,A,A,H,A,A,H,H,B,B,B,B,B,A,A,A,A,A,H,A,A,A,A,-,H,H,H,H,H,H,B,B,B,B,H,H,H,H,H,A,A,A,H,H,H,H,H,B,B,B,B,B,B,B,B,B,H,A,A,H,H,H,B,A,A,-,A,A,H,H,H,H,H,A,H,H,H,H,H,H,H,B,B,B,H,H,-,H,H,-,B,H,H,H,H,H,H,A,A,A,H,H,A,A
8.9494,0.891,86.2542,A,A,A,-,H,H,H,A,B,B,B,B,B,B,B,B,B,B,B,B,B,-,B,H,H,H,A,A,H,H,H,H,A,A,A,A,A,A,A,A,A,A,A,A,H,H,A,A,A,A,A,A,A,A,A,A,A,H,H,H,H,H,H,H,H,H,H,H,H,H,A,H,B,B,B,B,B,B,B,B,H,H,H,H,H,H,A,A,A,A,H,H,H,H,H,H,H,-,H,H,H,H,H,H,H,H,H,H,H,H,H,A,A,A,A,A,A,-,A,-,H,H,H,H,H,H,H,H,H,H,H,A,A,H,B,B,H,-,H,H,H,H,H,A,A,H,H,H,B,B,B,B,B,B,H,H,A,A,H,A,H,H,H,H,A,-,A,-,A,H,H,H,H,A,A,A
9.5672,1.0771,102.9897,H,-,H,B,B,-,H,H,A,A,A,H,H,H,B,B,B,B,H,H,A,A,H,H,H,H,H,H,H,H,A,H,H,B,B,B,B,B,B,A,A,A,A,H,H,H,H,-,B,H,H,H,H,H,H,H,H,H,H,H,H,H,B,H,H,-,H,H,H,H,A,H,A,A,H,H,H,A,A,A,H,H,H,H,H,A,A,A,A,A,H,H,H,A,H,A,A,A,A,A,A,A,B,B,B,B,B,B,B,B,B,A,A,A,H,H,H,H,H,H,H,H,H,H,H,-,H,H,H,A,H,H,-,H,H,H,H,-,H,H,H,H,H,H,B,A,-,A,A,A,H,H,-,H,H,H,H,A,A,-,H,-,H,B,B,B,-,-,B,H,H,-,-,H,H,H
9.4652,0.9795,101.7566,A,A,A,A,A,A,A,A,A,A,A,H,H,A,-,H,H,H,H,H,H,-,H,A,A,A,H,H,H,H,H,B,B,B,B,-,H,H,A,B,H,H,B,B,B,H,H,H,H,H,H,A,A,A,A,H,H,A,H,H,H,H,B,B,B,B,H,B,H,B,B,B,B,B,B,H,H,H,H,H,H,A,-,H,H,H,H,H,H,A,H,B,B,B,B,H,-,B,B,B,B,B,A,A,A,A,A,A,A,A,A,A,A,A,B,B,B,B,-,A,H,H,H,H,H,H,H,-,A,A,A,A,A,A,A,A,H,-,A,A,A,A,-,A,A,A,A,A,A,A,A,A,A,B,-,B,B,B,B,B,B,B,B,A,H,H,H,H,B,B,H,H,H,H,H,H
13.6026,1.2915,130.7284,H,H,H,H,-,H,H,H,H,A,A,A,-,A,A,A,A,A,A,A,A,H,H,A,A,A,B,H,H,H,H,H,H,H,H,H,-,H,B,H,H,H,H,H,H,H,H,H,B,B,B,B,H,H,H,H,A,A,H,A,H,H,H,H,H,H,H,B,B,B,B,B,B,B,B,B,A,H,H,H,H,B,B,B,H,B,B,B,B,B,B,B,B,H,B,B,B,-,B,H,H,B,H,H,B,B,B,H,H,H,H,H,H,H,B,H,H,A,H,H,H,H,-,H,H,H,H,A,A,A,-,A,A,A,A,A,A,A,H,H,B,B,B,H,H,B,B,B,B,B,B,B,B,H,-,H,H,H,H,H,H,H,H,H,A,H,A,A,H,H,H,H,H,H,H,H
11.8526,1.22,99.1377,H,H,B,-,B,B,B,B,B,H,H,H,H,B,H,H,H,H,H,H,H,A,A,H,H,H,A,A,A,A,A,A,A,A,A,A,A,H,H,H,H,H,H,B,-,B,B,B,H,H,H,H,H,A,A,A,A,A,H,H,H,H,B,B,B,B,H,H,H,B,H,-,H,A,A,H,A,A,A,A,A,H,H,-,H,B,H,H,H,H,H,H,H,H,H,H,A,A,A,H,H,H,H,H,A,-,A,A,A,A,A,H,H,A,H,A,H,H,H,A,-,A,H,H,H,H,H,B,H,H,B,B,B,H,H,H,A,-,A,H,H,H,H,H,H,B,B,H,H,H,H,H,A,B,B,B,B,B,B,B,H,H,H,H,B,B,B,H,B,B,H,A,-,H,H,H
7.6101,0.8038,72.6633,H,H,H,H,H,H,H,H,H,H,H,H,A,A,H,H,H,H,H,H,H,H,H,H,H,H,H,H,A,A,A,A,A,A,H,H,H,H,A,H,H,H,H,H,A,A,A,A,H,H,H,H,A,A,A,A,A,A,H,B,B,A,H,A,A,A,A,A,A,H,A,H,H,H,H,A,H,H,H,H,H,H,H,A,A,H,H,H,H,H,H,H,-,A,A,B,B,B,-,B,H,H,B,B,B,B,H,H,H,H,H,H,H,H,H,H,H,H,H,B,H,H,A,H,-,H,H,H,H,H,H,H,H,H,H,H,B,-,H,B,B,-,B,B,-,H,A,A,A,A,A,-,A,B,B,B,B,B,B,B,B,B,A,A,A,-,A,A,A,B,B,H,H,H,H,H
11.8132,1.1795,109.8759,B,H,H,-,B,B,B,B,B,B,H,H,H,B,H,H,H,H,A,A,H,H,B,B,B,B,H,H,H,H,H,H,H,H,H,-,-,H,H,H,H,H,H,H,H,H,H,H,B,H,H,H,H,B,B,-,H,H,H,B,B,B,B,H,H,H,H,H,H,H,A,H,H,H,H,H,B,B,B,B,B,H,H,H,H,B,B,B,-,B,B,B,B,B,A,A,A,A,A,A,A,H,A,A,H,H,H,H,H,H,H,A,A,H,B,B,B,B,B,A,A,A,A,A,A,A,A,H,A,A,A,A,A,A,A,B,H,H,H,H,A,A,H,H,H,B,B,B,B,B,B,B,B,H,B,B,B,B,B,H,H,-,H,H,H,H,B,B,H,B,B,B,B,B,B,B
11.2176,1.0139,103.7371,B,B,B,B,B,H,H,H,H,H,B,B,A,A,A,A,H,A,A,A,A,A,H,H,H,B,H,H,H,H,A,H,H,H,H,H,H,H,H,H,H,B,B,-,H,H,H,H,B,B,B,B,B,B,H,H,H,B,B,H,B,B,B,B,B,B,B,A,A,A,A,A,A,A,A,A,A,A,A,A,A,B,B,B,H,B,H,H,H,H,H,H,H,H,A,A,A,A,A,A,A,A,H,H,H,H,H,B,B,B,B,-,H,B,B,B,B,-,B,H,H,H,H,H,H,B,B,H,H,H,H,H,H,H,H,H,H,H,H,H,H,H,H,H,H,B,-,B,B,H,H,H,H,H,H,H,B,B,B,B,B,B,H,H,B,H,B,B,B,A,H,H,A,A,A,A
10.9327,1.0699,116.4157,H,-,H,-,A,A,H,A,A,A,A,A,H,H,A,A,A,H,H,H,H,H,H,H,H,B,A,A,A,H,H,A,H,H,H,H,B,B,B,B,B,H,H,H,H,A,A,A,-,-,A,A,-,A,A,-,A,A,H,H,H,H,H,H,H,H,H,A,A,H,H,B,B,B,B,-,H,H,H,H,B,B,B,B,B,-,A,A,A,A,A,A,A,A,H,H,H,H,H,B,B,H,H,H,H,H,B,H,H,H,H,B,B,B,H,H,H,A,A,H,H,H,-,H,B,B,B,B,H,B,B,B,B,B,A,A,A,-,H,H,H,H,H,H,B,H,B,B,H,H,H,H,H,-,H,H,H,-,H,H,H,-,A,-,A,A,A,A,A,B,B,B,H,H,H,A
12.7677,1.2179,101.1602,A,A,A,-,A,A,A,H,A,A,A,H,H,H,B,H,H,A,A,A,A,H,H,H,H,H,A,A,A,A,A,A,A,A,A,A,A,A,A,H,H,H,-,H,H,H,H,H,-,A,A,A,H,A,A,A,A,A,H,H,H,H,B,B,B,B,B,B,B,B,B,H,H,-,H,B,B,H,H,H,H,-,H,A,A,-,A,A,A,H,A,A,-,H,B,B,B,B,B,-,B,B,H,H,H,H,H,H,H,H,H,A,A,A,A,H,H,H,H,H,H,B,B,B,B,B,B,B,H,H,H,H,H,H,H,B,A,A,A,A,A,A,H,H,H,B,B,B,B,B,B,B,B,H,H,H,B,H,H,H,H,-,B,B,B,B,B,B,B,H,H,B,H,H,H,H
8.9188,0.8181,113.1308,H,B,-,B,H,H,B,B,H,B,H,B,B,B,H,B,H,B,H,H,H,H,H,H,B,H,B,B,H,B,A,A,B,H,H,B,B,H,B,H,H,A,H,H,A,H,H,A,B,H,H,H,H,A,H,B,A,B,H,H,H,B,H,H,-,B,H,H,B,B,A,B,A,A,A,H,H,H,B,H,A,A,A,B,A,H,H,H,H,H,H,H,-,H,A,A,A,A,A,H,H,A,A,A,A,A,A,A,A,A,A,H,H,H,B,H,B,H,B,H,B,B,H,H,B,H,H,B,A,H,A,H,H,H,-,A,H,H,H,H,H,H,H,H,-,B,B,B,B,B,B,B,B,A,H,H,A,H,H,H,A,H,A,A,H,H,H,H,A,B,B,B,B,H,B,B
11.145,1.224,112.5953,H,H,H,B,B,B,H,A,A,A,A,A,A,H,A,A,H,B,B,B,B,-,B,H,H,H,H,B,B,B,B,H,A,A,A,H,H,H,A,H,H,H,H,H,H,-,B,A,H,H,H,H,H,H,B,H,H,H,A,A,A,-,H,A,H,H,H,B,B,H,H,H,H,H,H,H,B,B,B,B,H,H,H,H,H,B,B,B,H,H,H,-,H,H,B,H,H,H,H,H,H,H,A,A,A,H,H,H,A,H,B,H,H,H,H,-,H,H,A,H,H,B,B,B,B,B,B,-,H,H,H,H,H,H,H,A,B,B,-,B,B,B,B,H,H,H,B,B,B,H,H,-,H,B,B,B,B,B,B,B,B,-,H,B,A,H,A,A,H,H,H,H,H,H,H,B
10.2725,1.1326,119.9128,-,H,H,H,B,H,H,H,H,B,B,H,B,B,H,H,H,H,H,H,B,B,B,B,B,B,H,H,H,H,H,A,-,H,H,H,H,B,H,H,H,B,B,B,H,H,B,B,A,H,H,H,H,H,H,H,H,H,H,-,-,A,H,A,A,A,A,B,B,H,H,H,H,B,B,B,A,A,H,H,B,H,H,B,B,A,H,H,H,H,H,B,B,B,H,H,-,A,H,A,A,A,A,A,A,A,A,H,H,H,H,A,A,-,H,A,A,-,A,H,B,B,B,B,B,B,B,B,H,H,B,B,B,B,B,B,B,-,B,B,B,H,H,H,H,H,H,-,A,A,A,-,B,B,B,B,B,B,B,B,B,-,H,B,B,B,B,B,B,H,H,H,H,-,H,H
8.4871,0.9846,75.7546,A,A,A,-,H,H,H,H,H,H,B,B,B,B,A,A,A,A,A,-,A,A,A,A,A,H,A,A,A,A,A,A,A,A,A,A,A,A,A,H,H,B,B,B,B,H,H,H,B,B,B,B,B,B,B,B,B,B,H,-,H,B,B,B,B,-,B,B,B,B,H,H,H,H,H,H,A,-,A,A,A,A,A,H,H,A,A,A,A,H,H,H,H,H,H,A,B,H,H,B,H,H,-,H,H,H,H,H,H,H,H,A,A,A,H,H,-,H,H,A,A,A,-,A,A,A,A,A,B,B,B,B,B,B,B,B,H,-,H,H,H,-,B,B,B,A,A,A,A,A,A,A,H,B,B,B,B,B,B,H,H,A,A,A,A,A,-,A,A,H,H,H,H,H,H,H
8.3473,0.8684,96.4367,H,H,H,H,H,H,H,H,H,A,A,A,H,B,H,H,H,H,B,B,H,H,H,B,B,B,H,B,-,H,H,H,H,H,H,H,H,H,H,A,A,A,B,B,B,B,B,B,H,H,H,H,H,H,H,H,H,-,H,H,H,H,A,H,H,H,H,H,H,H,A,H,H,-,H,A,H,H,A,A,H,H,H,H,H,A,A,A,A,A,A,A,H,H,H,H,A,A,A,A,A,A,A,A,H,H,H,H,H,H,H,H,H,B,B,B,H,H,H,-,B,-,H,H,H,H,H,H,H,H,H,-,H,H,H,H,A,A,-,A,H,H,B,B,B,A,H,B,B,H,H,A,A,H,H,H,H,H,H,H,-,-,A,A,H,A,A,A,H,H,-,A,A,A,A,A
9.3951,0.9096,125.0953,H,H,-,H,H,B,B,B,B,B,B,B,B,B,A,A,A,A,A,A,H,H,H,H,H,H,B,B,H,H,H,H,H,H,H,H,H,H,H,B,B,H,H,H,H,H,B,H,H,H,H,H,H,H,H,H,H,H,H,H,H,H,H,H,H,H,H,B,B,B,A,B,B,B,H,H,A,A,A,-,H,A,-,A,A,A,A,A,H,H,H,H,H,H,A,A,A,A,A,H,H,H,H,H,H,H,H,B,B,B,-,H,H,H,H,H,H,H,-,H,B,B,B,B,B,H,H,H,H,H,B,B,A,A,H,H,H,-,H,H,H,H,H,H,H,A,A,A,A,A,A,-,A,H,H,A,A,H,H,H,H,H,A,H,H,H,H,H,H,A,A,H,H,H,B,H
12.5876,0.6414,81.9791,H,H,-,B,B,B,-,B,B,B,B,B,B,B,A,A,A,A,A,A,A,A,A,H,B,B,H,A,A,A,H,H,H,A,A,A,A,H,H,A,A,A,H,H,B,B,B,B,H,H,H,H,H,H,H,H,H,H,B,H,H,H,H,H,H,H,H,A,A,A,B,H,A,A,A,A,H,H,-,A,H,H,H,H,B,A,H,-,H,H,H,H,H,H,B,B,B,B,H,-,H,B,H,H,H,H,H,H,H,-,H,B,B,H,H,H,H,H,H,H,A,A,A,A,A,H,H,H,H,B,B,B,B,B,H,A,H,H,-,H,H,H,H,H,-,-,H,H,H,B,-,B,B,B,B,B,B,H,B,B,B,H,H,H,B,H,H,H,B,A,A,A,A,H,H,H
9.3563,0.9169,82.7485,H,A,A,H,H,-,H,H,H,H,H,H,H,H,H,H,H,H,H,H,B,B,B,B,B,B,H,H,H,H,H,H,H,H,-,B,H,B,B,B,H,H,H,H,H,-,B,B,H,-,H,H,H,H,A,H,H,H,A,A,H,H,H,H,H,H,H,A,H,A,B,H,A,A,A,A,H,H,H,H,H,B,B,B,-,A,A,A,A,A,A,A,A,A,B,B,B,H,H,H,H,A,H,H,H,H,H,H,B,B,B,A,A,A,H,H,H,H,H,H,H,H,H,H,H,H,H,H,H,A,A,A,A,A,A,A,A,A,H,A,A,H,H,-,H,H,H,H,H,H,-,H,H,-,B,H,H,H,H,A,A,-,A,A,A,H,H,A,A,A,A,A,A,A,A,A
9.2708,0.8484,81.051,A,A,A,A,A,A,H,-,H,H,H,H,H,A,H,H,H,H,H,H,H,H,H,H,A,A,B,B,B,B,B,B,B,B,H,H,H,A,A,H,H,H,H,-,B,-,B,B,A,A,A,-,A,H,H,H,H,H,A,A,A,A,H,A,A,A,A,H,H,H,H,A,A,A,-,A,B,B,B,B,B,B,H,-,H,H,H,H,H,H,H,A,A,H,A,H,H,H,H,H,H,A,H,-,B,H,A,A,H,H,H,H,-,B,B,B,B,H,A,H,B,H,H,A,H,H,H,H,H,H,H,H,B,B,B,H,H,-,B,B,B,B,H,H,H,-,H,B,H,H,H,H,-,B,H,H,H,H,H,B,B,-,H,H,A,A,A,A,A,H,H,H,B,B,B,B
9.9496,1.0049,81.1661,A,A,A,-,A,A,A,A,A,A,A,A,A,A,H,H,H,H,A,A,A,A,A,A,H,H,H,H,H,H,H,B,-,H,H,H,H,H,H,B,B,B,B,-,H,H,H,H,H,H,H,B,B,B,B,B,B,B,B,B,B,B,B,B,B,B,B,B,H,H,H,H,-,-,H,H,H,H,H,-,H,H,H,H,H,H,-,H,H,H,H,H,H,H,H,H,H,H,H,H,-,A,H,H,H,H,H,H,A,A,H,B,B,H,H,H,H,B,B,A,H,A,H,H,H,H,H,H,H,H,H,H,H,A,A,A,H,-,H,H,H,H,H,B,H,H,H,H,H,H,H,A,A,H,H,H,H,H,H,-,H,H,A,H,H,H,H,H,H,A,H,-,H,H,H,H
7.8486,0.7745,83.4017,A,H,A,-,A,A,A,A,A,H,H,H,H,A,A,A,A,A,A,A,B,B,B,B,B,H,H,-,B,H,H,H,-,H,H,H,H,H,H,A,A,A,A,-,H,H,H,H,B,B,H,H,H,H,H,H,H,H,B,H,H,H,B,H,A,A,A,B,B,B,B,B,B,B,B,H,-,H,H,B,B,B,B,B,B,B,B,B,B,B,B,H,A,H,B,B,B,B,B,H,H,H,B,B,B,H,H,H,H,H,H,H,H,A,A,-,A,A,A,B,B,H,H,H,H,H,H,H,H,H,H,H,H,A,A,A,H,-,A,A,A,A,A,H,H,A,A,H,H,H,H,H,H,H,B,H,H,H,H,H,-,-,H,H,B,H,H,B,B,H,H,H,H,H,H,H
11.2484,1.0592,104.893,-,A,A,-,A,A,A,A,A,A,-,A,A,A,H,H,-,H,H,H,H,H,H,H,B,B,A,H,-,-,-,H,B,B,H,H,H,H,H,-,B,B,B,B,B,B,B,B,H,H,H,H,H,H,H,A,-,A,A,-,-,H,H,H,H,H,H,H,B,B,H,B,B,B,B,H,H,H,H,H,H,H,B,B,B,H,H,H,H,H,H,-,H,H,H,B,H,H,H,H,A,H,B,B,H,H,H,B,B,B,B,H,H,H,H,-,A,A,-,H,H,B,B,B,B,B,B,B,H,H,H,H,H,H,A,H,B,-,H,H,H,-,B,B,B,H,H,-,H,H,H,H,H,B,B,B,B,B,B,-,B,-,A,A,A,A,A,A,-,H,B,B,B,-,B,B
11.2737,1.0848,113.8089,H,H,A,A,A,A,-,A,A,H,B,B,H,H,-,A,A,B,B,-,B,B,B,B,B,B,H,B,H,B,B,B,B,B,H,H,A,A,A,A,A,H,H,H,-,H,H,H,H,A,H,H,H,H,-,A,-,A,H,H,H,H,H,H,H,H,H,B,-,H,H,B,B,B,B,B,B,B,B,B,B,B,B,B,B,H,B,H,H,H,H,H,H,H,H,A,A,A,A,A,A,A,B,B,-,B,B,H,H,H,H,H,H,H,H,H,H,H,H,A,A,A,A,A,A,A,A,H,H,H,H,H,H,H,B,H,A,-,H,H,H,H,A,A,A,A,A,A,A,A,A,A,A,A,H,A,A,A,A,A,A,-,A,A,H,A,H,H,H,B,-,B,B,H,H,H
12.447,1.2549,97.9904,H,H,H,H,H,H,H,H,A,A,A,A,A,H,H,H,H,H,B,B,H,H,H,H,H,H,A,A,A,A,A,A,A,A,A,A,B,B,B,B,H,H,A,A,A,A,H,H,B,A,A,H,H,H,H,H,H,H,H,H,H,H,A,-,A,A,A,B,B,B,A,B,H,A,A,A,B,B,B,B,B,H,H,H,H,A,A,A,A,A,A,A,A,H,A,H,H,H,H,-,H,H,A,H,H,H,H,-,B,B,B,H,H,A,H,A,A,A,A,H,H,A,A,A,A,A,A,H,B,B,B,B,H,H,H,H,H,H,H,H,H,B,H,H,B,B,B,B,B,H,H,H,H,H,H,H,H,H,H,H,H,-,H,H,H,H,H,H,H,H,H,H,-,A,A,A
8.3165,0.7626,94.9186,H,-,-,H,H,B,B,B,B,B,B,B,B,B,H,H,H,H,-,B,B,B,B,B,B,H,H,H,H,B,B,B,B,B,B,B,-,B,B,H,-,A,A,H,H,H,H,H,H,H,B,B,H,H,H,H,H,H,H,H,H,H,B,H,A,A,A,H,H,H,B,H,H,H,H,H,A,A,A,A,A,A,A,A,A,H,H,H,-,H,H,B,B,B,B,H,-,H,H,B,B,H,A,A,H,H,H,A,A,A,A,H,H,H,H,H,H,A,A,H,H,H,H,-,A,H,H,A,H,H,H,H,H,H,H,H,H,H,H,H,H,H,H,H,H,H,H,H,H,H,H,H,-,H,H,A,A,A,A,A,H,-,B,B,H,-,B,H,H,B,B,-,H,H,A,A
9.8454,0.92,102.7363,B,B,H,H,H,H,H,H,H,H,H,H,H,H,A,A,A,A,-,-,H,H,H,H,H,H,B,H,H,A,A,A,A,A,H,H,H,H,H,B,B,-,H,H,-,H,H,B,H,H,H,H,H,H,B,B,B,H,H,H,H,H,B,H,H,H,H,B,H,H,B,H,H,H,A,A,B,H,B,-,B,H,-,H,H,H,A,H,B,H,H,H,H,H,B,H,H,H,H,B,H,H,A,H,H,A,A,A,A,A,H,H,H,H,H,H,H,-,-,H,H,H,A,A,A,A,A,A,B,H,H,H,H,H,H,H,H,H,H,H,H,H,H,H,H,-,H,H,H,H,H,B,-,A,A,A,A,B,B,-,B,-,-,A,H,A,A,-,H,B,B,B,B,B,B,B
10.9867,0.9525,88.2287,H,H,H,-,H,H,H,A,H,H,H,H,H,H,B,B,B,B,B,H,-,B,B,B,B,B,A,A,A,A,A,A,A,A,A,A,A,A,A,-,A,A,A,A,A,A,A,A,A,A,H,H,H,H,H,A,-,A,H,-,H,A,H,-,H,H,H,H,H,H,H,H,H,H,H,H,H,H,H,H,H,H,H,H,H,B,B,B,B,B,-,B,B,B,H,-,H,H,H,H,B,B,H,H,H,A,A,H,H,H,H,H,H,H,H,A,-,A,A,B,B,H,H,H,-,H,H,A,B,B,B,-,B,-,B,H,H,H,H,B,B,B,B,B,B,H,H,A,A,A,A,H,H,-,H,A,A,H,H,H,H,-,H,H,H,B,H,H,H,B,B,B,B,B,B,H
8.1018,0.8482,79.0111,A,A,A,A,-,A,A,A,-,A,A,A,A,A,A,A,A,A,A,A,A,A,H,H,H,H,B,B,H,H,A,A,A,A,A,H,H,B,B,A,A,A,A,A,H,H,H,H,B,B,B,B,B,B,H,H,H,H,B,-,B,B,B,B,H,H,B,B,B,B,H,B,A,A,A,A,A,H,H,H,H,H,H,H,H,B,-,B,B,B,B,B,H,H,H,H,H,B,B,B,-,B,H,H,-,H,A,A,A,A,A,H,H,H,H,H,B,B,B,H,H,H,H,-,H,H,H,B,H,H,H,H,A,A,A,A,H,-,H,H,H,B,B,B,B,A,A,A,A,A,H,H,H,H,-,H,H,A,H,H,H,-,H,H,A,A,-,H,H,B,B,B,B,B,B,B
9.9248,0.9971,107.9787,H,H,A,A,H,B,B,B,B,B,H,H,B,B,H,H,H,H,B,B,H,-,H,H,H,H,A,A,A,A,A,A,H,A,A,A,A,H,H,H,H,A,A,A,A,A,A,A,B,H,H,H,H,A,A,H,H,H,A,A,A,H,H,H,H,H,H,H,A,A,H,H,A,A,A,A,A,A,A,H,H,B,B,B,B,H,H,H,H,A,A,A,A,A,H,B,B,H,H,H,H,H,H,H,H,H,H,H,H,H,H,B,-,-,H,H,H,H,H,H,-,H,H,H,H,H,-,A,H,H,H,H,H,H,H,H,H,-,H,A,A,A,A,A,A,H,H,H,H,H,H,-,H,H,A,H,H,H,H,H,H,-,H,H,H,H,H,H,H,A,A,A,A,A,A,A
10.1382,1.0799,87.347,-,H,A,A,A,A,A,A,A,A,A,H,H,H,-,B,B,B,B,H,H,H,H,H,B,B,A,A,A,H,H,H,H,B,H,H,H,H,H,A,A,A,H,-,B,H,H,H,B,B,B,B,B,B,B,B,H,H,H,H,H,A,A,A,A,A,A,B,B,H,B,H,B,B,B,B,B,B,B,-,H,H,H,-,H,H,H,H,H,H,B,H,H,H,B,H,H,H,H,H,H,-,A,A,B,B,-,H,A,H,H,B,H,H,H,H,H,H,H,A,H,H,H,H,H,H,H,-,A,A,A,A,A,A,A,A,H,H,H,H,H,H,H,H,H,A,A,A,A,A,A,A,A,B,B,H,B,-,B,B,B,-,B,H,H,H,H,H,H,A,A,A,H,H,B,B
6.5791,1.3486,135.62,H,H,H,-,H,H,B,H,H,H,H,H,H,H,H,H,H,-,H,H,H,H,H,H,H,H,H,H,H,H,H,H,H,H,H,H,A,A,A,A,H,H,H,H,H,H,H,H,B,B,B,B,B,H,H,B,B,B,B,H,-,H,B,H,H,B,B,A,A,A,B,H,A,A,A,H,B,B,B,H,A,A,A,A,A,H,H,H,H,H,H,H,H,B,B,B,H,H,A,H,-,H,H,H,B,B,B,B,A,A,A,H,H,H,H,H,H,H,H,B,B,H,H,H,H,B,B,H,B,B,B,B,B,B,B,H,H,-,H,B,B,B,B,B,-,A,H,H,H,H,H,-,A,H,H,H,A,A,H,B,B,-,B,H,A,H,A,A,A,B,B,B,B,B,B,B
11.1264,1.0037,97.94,H,H,A,A,-,A,A,A,A,A,A,A,A,A,A,A,A,A,A,A,A,H,H,A,A,A,B,H,H,H,H,H,H,H,H,H,H,A,H,H,H,H,H,H,H,H,H,H,A,H,H,B,B,B,B,B,H,H,H,H,A,A,H,A,A,A,A,A,A,A,H,A,A,A,A,H,A,A,A,H,H,H,B,H,H,H,H,H,H,B,H,H,H,H,H,H,H,H,H,H,H,H,B,B,B,-,B,H,A,A,A,H,H,B,-,B,B,B,B,H,H,A,A,H,H,H,H,H,A,A,A,-,A,-,A,A,B,-,B,H,H,H,H,H,H,H,H,A,A,H,H,H,H,A,H,H,-,H,A,-,H,-,-,H,A,H,H,H,A,-,A,A,A,A,A,A
11.444,1.0902,95.9414,-,B,B,-,H,H,-,A,A,A,A,A,H,H,B,B,B,B,B,B,A,A,A,A,A,H,H,H,H,H,H,A,A,A,A,A,-,A,A,H,H,-,H,H,H,A,A,A,H,H,H,H,H,H,H,H,B,B,A,A,H,H,B,H,H,H,H,H,H,H,H,B,H,H,H,H,H,H,H,H,H,H,H,H,-,H,H,H,B,H,H,H,H,A,H,A,H,H,H,B,-,B,H,H,H,H,H,H,H,H,H,H,B,B,B,H,H,H,H,B,B,B,B,B,B,B,H,H,B,B,H,H,H,H,H,H,H,H,H,H,H,H,H,H,H,H,H,B,B,B,B,A,B,H,-,H,B,B,B,H,H,-,A,A,H,H,H,H,H,A,A,A,A,A,A,A
9.0787,0.8691,94.0976,A,A,-,-,A,-,H,H,H,H,H,H,H,H,B,H,H,H,H,A,H,-,H,H,H,-,B,B,B,A,A,H,H,H,H,-,H,H,H,B,B,B,H,A,A,H,H,B,B,B,B,B,B,B,H,H,H,H,H,H,H,H,B,B,B,B,B,B,H,H,H,H,H,H,H,H,H,H,H,H,H,A,H,H,B,B,B,B,B,B,B,B,B,B,H,H,H,H,H,-,A,A,H,H,H,H,H,H,H,H,H,H,H,H,B,H,-,H,H,H,H,H,H,H,H,H,H,H,B,B,H,H,H,A,A,-,H,-,H,H,H,H,H,A,A,H,B,B,B,B,B,B,B,A,A,A,-,A,A,A,A,-,H,H,H,H,H,H,H,H,H,-,H,H,H,H
10.7442,1.0527,125.8193,H,A,A,A,H,H,H,H,H,H,H,B,H,H,A,H,H,H,H,H,H,H,A,A,-,A,A,A,B,B,B,B,H,H,-,H,H,H,H,H,H,H,H,H,H,H,A,A,H,H,A,A,A,H,H,H,H,H,-,B,B,B,B,-,B,B,B,H,H,-,B,H,A,A,A,A,B,B,B,B,B,H,A,A,A,H,H,H,-,H,H,H,H,H,B,B,B,B,B,B,B,H,B,B,H,H,H,H,H,H,H,A,A,A,H,H,H,B,B,A,H,H,H,H,H,H,H,H,-,H,H,H,H,H,H,H,B,-,H,-,A,H,H,A,H,H,H,H,A,H,H,A,A,B,B,B,H,H,H,H,H,-,B,B,B,B,B,B,B,B,H,H,H,H,-,A
11.5556,1.1197,98.8364,A,A,A,A,A,H,H,H,H,B,B,B,-,-,H,H,H,H,H,-,B,H,H,H,H,H,A,A,A,-,H,H,H,H,A,A,A,A,A,H,H,H,H,H,H,A,A,A,H,H,H,H,H,H,B,B,B,B,H,H,B,H,H,A,H,H,H,H,H,H,A,B,H,-,H,H,H,A,A,A,A,A,A,A,A,B,B,B,H,H,H,H,H,-,H,H,H,H,H,H,H,H,H,H,H,B,B,B,B,B,H,B,B,B,B,B,B,B,B,B,B,B,H,A,A,A,A,A,B,H,H,A,A,A,A,A,B,-,-,A,A,A,A,A,A,H,B,B,B,B,B,B,B,H,H,H,H,H,H,A,A,-,H,H,H,H,H,H,A,-,H,H,H,H,H,H
9.9245,0.9736,112.6945,A,A,A,-,A,A,A,-,-,H,B,H,H,H,H,H,H,B,B,B,B,H,H,H,H,H,H,-,H,H,H,H,H,H,H,H,H,A,A,-,B,B,B,B,B,B,B,-,-,A,A,A,A,H,H,H,H,H,A,A,-,A,B,B,H,H,H,A,A,H,H,A,A,-,H,B,B,B,B,H,H,-,H,H,H,H,H,H,H,A,A,A,A,H,H,H,H,B,B,B,B,B,H,H,H,A,A,A,-,A,H,H,H,H,H,H,H,A,A,H,H,H,H,H,H,H,H,H,H,H,H,H,H,H,H,-,B,B,B,H,H,H,H,A,A,B,H,A,A,A,-,H,H,B,B,H,H,H,H,H,A,-,H,H,A,H,H,H,A,H,H,H,B,H,H,H
12.0116,1.1367,102.4086,-,-,-,-,-,-,-,-,-,-,-,H,-,-,-,-,-,A,-,-,-,-,-,-,H,B,-,-,-,-,-,-,-,-,-,-,-,-,-,-,-,-,-,-,-,-,-,-,-,-,-,-,-,-,-,-,-,-,H,-,H,-,-,-,-,-,-,-,-,-,-,-,-,-,-,-,-,-,-,-,-,-,-,-,-,-,-,-,-,-,-,-,H,-,-,-,-,H,-,-,-,-,-,-,-,-,-,A,-,-,-,-,H,-,-,H,-,H,-,-,-,-,-,-,-,-,-,-,-,H,-,-,-,H,-,-,-,-,-,-,-,-,-,-,-,-,-,-,-,-,-,-,-,-,-,H,-,-,-,-,-,-,-,-,-,-,-,-,-,-,-,-,-,-,-,-
7.9365,0.94,79.7536,-,H,-,-,A,A,A,A,A,A,A,A,A,A,A,A,A,A,A,A,-,A,H,H,H,H,A,A,A,A,H,H,H,H,H,H,H,H,H,H,H,H,B,B,B,B,B,A,B,H,H,H,H,H,H,H,H,H,A,H,H,H,H,A,A,A,A,A,A,A,B,A,H,H,A,H,B,B,B,H,B,B,B,B,B,H,-,B,B,H,H,H,H,H,B,B,H,H,H,B,H,H,B,B,B,B,B,H,H,H,H,H,A,A,A,H,H,H,H,H,B,B,B,B,H,A,A,A,A,A,H,H,H,H,H,H,H,-,A,A,-,A,A,A,-,H,H,B,B,H,H,H,H,H,H,H,H,H,H,H,H,-,H,H,H,H,H,H,A,H,H,H,H,H,H,H
