bp,hr,bw,heart_wt,sex,mouse_ID,D1MIT171,D1MIT46,D1MIT10,D1MIT33,D1MIT36,D2MIT117,D2MIT297,D2MIT92,D2MIT15,D2MIT274,D2MIT304,D2MIT265,D3MIT203,D3MIT22,D3MIT29,D3MIT84,D3MIT19,D4MIT181,D4MIT214,D4MIT26,D4MIT234,D4MIT42,D5MIT145,D5MIT52,D5MIT113,D5MIT239,D5MIT223,D6MIT138,D6MIT223,D6MIT149,D6MIT259,D7Mit152,D7MIT246,D7MIT176,D7MIT31,D7MIT323,D7MIT7,D7MIT238,D7MIT259,D8MIT258,D8MIT45,D8MIT215,D8MIT245,D9MIT64,D9MIT71,D9MIT196,D9MIT52,D10MIT213,D10MIT16,D10MIT115,D10MIT150,D10MIT14,D11MIT71,D11MIT236,D11MIT86,D11MIT4,D11MIT58,D11MIT48,D12MIT145,D12MIT158,D12Nds2,D13MIT16,D13MIT110,D13MIT204,D14MIT138,D14MIT45,D14MIT67,D14MIT263,D14MIT170,D15MIT175,D15MIT184,D15MIT187,D15MIT159,D15MIT161,D16MIT146,D16MIT5,D16MIT51,D16MIT20,D17MIT113,D17MIT16,D17MIT185,D17MIT76,D18MIT22,D18MIT60,D18MIT152,D18MIT142,D18MIT48,D18MIT25,D19MIT68,D19MIT16,D19MIT40,D19MIT11,D19MIT71
,,,,,,1,1,1,1,1,2,2,2,2,2,2,2,3,3,3,3,3,4,4,4,4,4,5,5,5,5,5,6,6,6,6,7,7,7,7,7,7,7,7,8,8,8,8,9,9,9,9,10,10,10,10,10,11,11,11,11,11,11,12,12,12,13,13,13,14,14,14,14,14,15,15,15,15,15,16,16,16,16,17,17,17,17,18,18,18,18,18,18,19,19,19,19,19
,,,,,,15.4,39.16,45.53,68.38,76.73,5.8,25.27,42.74,50.66,57.72,62.49,97.97,10.82,32.25,39.27,68.43,80.73,4.23,24.16,41.31,76.58,82.64,3.37,28.02,41.59,52.24,86.57,1.81,21.81,48.93,74.64,2.71,18.9,34.48,49.01,54.45,63.14,63.78,88.85,20.9,42.16,62.63,74.67,14.35,27.07,46.41,73.06,9.75,9.82,36.68,57.75,66.75,4.7,26.12,32.13,41.87,67.79,82.96,2.23,38.14,62.22,7.26,50.66,65.43,12.52,20.81,38.82,44.5,56.17,3.96,22.82,34.29,41.96,52.78,14.69,34.22,53.78,56.66,8.14,17.98,39.3,55.48,13.41,18.04,34.78,51.07,52.15,59.05,3.38,13.82,20.38,36.26,56.28
104,517,37,133,1,3,CC,CC,CC,CC,CC,BB,BB,BB,BB,BB,BB,BB,CB,CC,CC,CC,CC,-,BB,CB,CB,CB,BB,BB,CB,CB,CB,CB,CB,CB,BB,CB,CC,CB,CB,CB,BB,CB,CB,BB,CB,CB,CC,BB,BB,CB,CB,CC,CC,CC,CC,CB,CC,CB,CC,BB,BB,CB,CB,CC,CC,CB,BB,BB,CC,CC,CB,CB,CB,CC,CC,CC,CC,BB,CB,CB,BB,BB,CB,BB,BB,BB,BB,BB,CB,CC,CC,CB,CB,BB,BB,BB,BB
108,690,38.9,135,1,4,CC,CB,CB,CB,BB,CB,CB,-,BB,BB,BB,BB,CC,CC,CC,BB,BB,CC,CC,CB,BB,BB,CC,CB,CB,CB,CB,CB,CB,CC,CC,CB,CC,CB,CB,CB,CB,CB,CB,CC,CC,BB,BB,CC,CB,CB,BB,BB,BB,CB,CC,CC,CB,CB,CB,CB,CC,CC,CB,CB,CB,BB,CB,CB,BB,BB,CB,CB,CB,CB,CB,CB,BB,BB,BB,CB,CB,CB,CB,CB,CB,CC,BB,BB,BB,BB,BB,BB,CC,CC,CC,CC,CC
115,653,43.8,159,1,5,CC,BB,BB,BB,BB,CB,CB,CB,CB,CB,CB,CB,BB,BB,BB,BB,BB,BB,CB,CB,CC,CC,CC,CC,CB,CB,CB,CB,CC,CC,CC,CB,CB,BB,BB,BB,BB,BB,CB,BB,BB,BB,BB,CB,CB,BB,BB,CB,CB,CB,CB,CB,CC,CB,CB,CB,CB,CB,CB,CB,CC,BB,CB,CC,CC,CC,CB,CB,CB,CC,CB,CB,CB,CB,CC,CC,CC,CC,CC,CC,CC,CC,CB,CB,BB,BB,BB,CB,CB,CB,CB,CC,CC
119,592,42.5,131,1,6,CB,CB,CB,CC,CC,CB,CB,BB,BB,BB,BB,CB,CB,CB,CB,CB,CB,BB,BB,BB,BB,BB,BB,BB,BB,CB,CC,CB,CB,CB,CB,BB,BB,BB,BB,BB,CB,CB,CB,BB,BB,BB,BB,CB,BB,BB,CC,CB,CB,CB,CB,CB,BB,BB,BB,BB,CB,CB,CC,CC,CC,CC,CB,CB,CB,CB,CB,CC,CC,CC,CC,CC,CC,CC,CB,BB,BB,BB,CC,CC,CC,CC,CB,CB,CB,CB,CB,CB,CC,CB,CB,CB,CB
-,-,43.6,128,1,8,CB,CB,CB,CC,CC,CB,CB,CB,CB,CB,CB,CC,CB,CB,CB,CB,BB,CC,CC,CC,CC,CC,CC,CC,CC,CC,CC,CC,CC,CB,BB,BB,BB,BB,CB,CB,CB,CC,CC,CC,CC,CC,CC,CC,CB,BB,BB,CB,CB,CB,CB,CC,BB,BB,BB,BB,CB,CB,CC,CC,CC,CC,CB,CB,BB,BB,BB,BB,BB,CB,CB,CB,CB,CB,CB,CC,CB,CB,BB,BB,BB,CB,BB,BB,CB,CB,CB,CB,CB,CB,CB,CB,BB
106,517,35.3,175,1,9,CB,CB,CC,CB,CB,BB,BB,BB,BB,BB,BB,BB,CB,BB,BB,BB,BB,BB,CC,CC,CC,CC,CB,CB,CB,CC,CC,CC,CB,CB,CB,CB,CB,BB,BB,BB,BB,BB,CB,BB,BB,CB,CB,BB,BB,CB,CC,CC,CC,CB,CB,CB,BB,BB,-,CB,CC,CC,BB,BB,BB,CB,BB,BB,BB,BB,BB,BB,BB,BB,BB,BB,BB,BB,CB,CB,CB,CB,CB,CB,CB,CB,BB,BB,CB,CB,CB,CB,CC,CB,CB,BB,CB
117,590,41.6,159,1,11,CC,CC,CC,CB,CB,BB,BB,BB,BB,CB,CB,CB,BB,BB,BB,BB,BB,CB,CB,CC,CC,CC,-,CC,CC,CC,CC,BB,BB,CC,CC,CB,BB,BB,BB,BB,CB,CB,CB,BB,CB,CB,CB,CB,CC,CC,CC,CB,CB,CB,CB,CB,CC,CB,CB,CB,CB,CB,CB,BB,BB,CB,BB,BB,CB,BB,BB,BB,BB,CB,CB,CB,CB,CB,CB,CB,CB,CB,BB,BB,BB,BB,BB,BB,BB,BB,BB,BB,CB,CB,CB,CC,CC
118,561,38.5,152,1,12,CB,CB,CB,CB,CB,BB,BB,BB,BB,BB,BB,CB,BB,BB,BB,BB,BB,CB,CB,CB,CB,CB,CB,BB,BB,BB,CB,CC,CC,CC,CB,BB,BB,BB,BB,BB,BB,BB,CB,CB,CC,CB,CB,CB,CB,BB,BB,CB,CB,CC,CB,BB,CC,BB,BB,BB,CC,CC,CB,CC,CC,CB,CB,CC,CC,CC,CC,CC,CC,CC,CC,CB,CB,BB,BB,BB,BB,BB,CB,CB,CB,CB,CB,BB,BB,BB,BB,CB,CC,CB,CB,CB,BB
96,582,44.6,159,1,13,BB,BB,BB,CC,CC,CB,CC,CC,CC,CC,CC,CB,CB,CC,CB,CB,CB,CC,CB,CB,CB,BB,BB,CC,CC,CC,CB,BB,CB,CB,CB,CB,CB,CB,CB,CB,CB,CB,BB,CB,BB,BB,BB,CB,BB,BB,CB,CC,CC,CB,CB,CB,CB,CB,CB,CB,CB,CB,CB,CB,CB,CC,CC,CC,CC,CC,CB,CB,CB,BB,BB,BB,CB,CB,CB,CC,CC,CC,CB,CB,CC,CC,BB,BB,BB,BB,BB,BB,CB,CB,CB,CB,CB
108,626,44.7,154,1,15,BB,CB,CB,CB,CB,CC,CC,CC,CB,CB,CB,CB,CB,CB,CB,CB,CC,CB,-,CC,CB,CB,BB,CB,CB,CB,CC,BB,CB,CB,CB,BB,BB,BB,BB,BB,BB,BB,CB,BB,CB,CB,CB,CB,BB,BB,BB,CB,CB,CC,CB,CB,CC,CB,CB,CB,-,BB,CB,BB,-,CC,BB,BB,CB,CB,CB,CB,CB,CB,CC,CC,CC,CC,BB,BB,BB,BB,BB,BB,BB,BB,CC,CC,CC,CC,CC,CB,CC,CC,CB,CB,CB
100,600,42.4,131,1,17,BB,BB,BB,BB,BB,CB,CC,CC,CB,CB,CB,CB,CB,CB,CB,CB,CB,CB,CC,CC,BB,BB,CB,CB,CB,CB,BB,CB,CB,CB,CB,BB,BB,BB,BB,CB,CB,CB,CB,CB,BB,CC,CC,CC,CC,BB,BB,CC,CC,CC,CB,CB,CB,CB,CB,CC,CB,CB,CB,CC,CC,CB,CB,BB,CB,CB,CB,BB,BB,CB,BB,BB,BB,BB,CC,CB,CB,CB,CC,CC,CB,CB,CB,CB,CB,CB,CB,CB,BB,CB,CB,CB,CB
102,549,37.3,114,1,18,CB,CB,CB,CB,CB,CB,CB,CC,CB,CC,CB,BB,CC,CC,CC,CC,BB,CC,-,CB,CC,CC,CB,BB,BB,BB,CB,CC,CC,CB,BB,CB,CB,BB,BB,BB,BB,BB,CB,CB,CB,CC,CC,CB,CB,CB,-,CB,CB,CB,CB,CB,BB,CB,CB,CB,BB,BB,CC,CC,CC,CC,CC,CC,CB,CB,CB,CB,CB,CB,CB,BB,BB,CB,BB,BB,BB,BB,CB,CB,BB,BB,CB,CB,CB,CB,CB,CB,CC,CC,CC,CC,CC
98,569,36,150,1,19,CC,CC,CB,CB,CB,CB,CB,CB,CB,CB,CB,CB,CC,CC,CB,CB,CB,BB,CB,CB,CB,CB,CC,CB,CB,CB,CC,CB,CC,CC,CC,BB,BB,BB,CB,CB,CB,CB,CB,CC,CB,CC,CB,CC,CB,CB,CC,CB,CC,CC,CB,CB,BB,CB,CB,CB,CB,CB,CB,CB,BB,CB,CC,CB,BB,BB,BB,BB,BB,CB,CC,CC,CC,CC,BB,BB,BB,BB,CB,CB,CB,CB,CC,CC,CC,CC,CC,CB,CB,CB,CB,BB,BB
92,562,46,167,1,20,CB,CC,CC,CB,CB,BB,BB,BB,BB,BB,BB,CC,CB,CB,CB,CB,CB,BB,CB,CB,CB,CB,CB,BB,BB,BB,BB,CB,CC,CB,CB,CB,CC,CC,CC,CC,CC,CC,CC,CC,CB,CB,CC,CB,BB,-,CB,CC,CC,CB,BB,CB,CB,CB,CB,CB,CC,CC,CC,BB,BB,CC,CB,BB,BB,BB,CB,CB,CB,BB,BB,BB,BB,BB,BB,BB,BB,CB,CB,CB,CB,CB,CB,CB,CB,CB,CB,CB,CB,CB,CB,CC,CC
114,652,34.9,123,1,21,CB,CB,CB,CB,CB,CC,CC,CC,CC,CC,CC,CB,CC,CB,CB,CB,CB,CB,CB,CB,CB,BB,BB,BB,BB,CB,CB,CB,CB,BB,BB,CC,BB,BB,BB,BB,BB,BB,CB,CC,CC,CC,CC,CB,CB,CB,CB,CB,CB,BB,BB,BB,CC,CB,CB,CB,CB,CC,CC,CB,BB,CB,CB,CB,BB,BB,BB,BB,BB,CB,CB,CB,CB,CB,CC,CC,CB,CB,CC,CC,CC,CC,CB,CB,CB,CB,CB,CB,CC,CB,CB,CB,BB
116,599,32.8,132,1,23,CC,CB,CB,CC,CC,CC,CB,CB,BB,BB,-,CB,CC,CC,CB,CB,CB,BB,CB,BB,CB,CB,CB,CB,CB,CB,CB,CB,CB,CB,CB,CB,CB,CB,CB,CB,CB,CB,CB,CC,CC,CC,CC,CB,BB,BB,BB,CB,CB,CB,CB,CC,CB,CB,CB,BB,BB,CB,CC,BB,BB,CB,BB,BB,CB,CB,CB,CB,CB,CB,CB,BB,BB,BB,CC,CB,CB,CB,CB,CB,CC,CB,CB,CB,BB,BB,BB,BB,CC,CC,CC,CB,CB
107,519,40,135,1,24,BB,CB,CB,CC,CC,CB,CB,CB,CB,CB,CB,CB,BB,BB,CB,CB,BB,CC,CC,CB,BB,BB,CB,CB,CB,CB,CB,CB,CB,CB,CC,CB,CB,CB,CB,CB,CB,CB,CB,BB,BB,BB,BB,CB,CB,CB,CB,CC,CB,BB,CB,CB,CB,CC,CC,CC,CC,CB,BB,CB,CC,CB,CC,CB,CB,CC,CC,CC,CB,CB,BB,BB,CB,CB,BB,CB,CB,CB,BB,CB,CB,CB,CB,CB,CB,CC,CC,CC,BB,BB,BB,BB,BB
104,722,37,149,1,25,BB,CB,CB,CB,CB,CB,CC,CC,CC,CC,CC,CC,CB,CC,CC,CC,CC,BB,CB,CB,CB,CB,BB,CC,CC,CB,BB,CB,CC,CB,BB,BB,BB,BB,BB,BB,CB,CB,CC,CB,CB,CC,CC,CB,CB,CC,CB,CB,CB,CB,CB,CC,CB,CB,CB,CB,CB,CB,CB,BB,BB,-,CB,CB,CC,CC,CC,CB,CB,CB,CB,CB,CB,CB,CB,CB,CB,CB,CB,CB,CC,CB,CB,CB,CB,CB,CB,CB,CB,CB,CB,CB,CB
113,641,39,142,1,26,CB,CB,CB,CB,BB,CC,CC,CC,CB,CB,CB,CB,CB,CB,CB,CB,CB,CB,CB,CB,CB,CB,CB,CB,CB,CB,CC,CB,BB,BB,CC,BB,BB,BB,BB,BB,BB,BB,BB,CB,CB,CB,BB,CC,CC,CC,CB,BB,BB,BB,CC,CC,CC,CB,CB,CB,CB,CC,CB,CB,CC,CB,CC,CC,CC,CC,CC,CB,CB,CB,CB,CB,CB,CB,CB,CB,CB,CB,CB,CB,BB,BB,CB,CB,CB,CB,CB,CB,CB,CB,CB,CB,CB
100,615,38.3,147,1,28,CB,CB,CB,CB,CB,CB,CC,CB,CB,CB,CB,CB,CC,CC,CC,CC,CB,CB,CC,CC,CB,CB,BB,CB,CB,CB,CB,CC,CC,CB,BB,CC,CC,CC,CC,CC,CC,CC,CC,CC,CC,CC,CC,-,CB,CC,CB,CC,CC,CB,CB,CB,CB,CB,CB,CB,CB,CB,CB,BB,BB,CB,CB,CB,CB,BB,BB,BB,BB,CB,BB,BB,BB,BB,CC,CC,BB,BB,CB,CB,CB,CB,BB,BB,BB,BB,BB,BB,CB,CC,CC,CC,CC
104,665,37.5,120,1,30,CB,BB,BB,BB,BB,CB,CB,CB,CB,CB,CB,CC,BB,BB,CB,CB,CC,CC,CB,CB,BB,BB,BB,CC,CC,CC,BB,BB,BB,CB,CB,CB,CB,CB,CB,CB,BB,BB,CB,CB,BB,CB,CB,CB,CB,BB,BB,CB,CB,CB,CB,CB,CC,CB,CB,CB,CB,CB,CC,CC,CC,CC,CC,CC,CC,CC,CB,CB,CB,CC,CC,CC,CC,CB,BB,BB,BB,BB,CC,-,CB,CB,CB,CB,CB,CB,CB,CB,CC,CC,CB,-,BB
121,552,35.9,141,1,31,CB,BB,BB,BB,BB,CC,CB,CB,CB,CB,CB,CB,CC,CC,CC,CC,CC,CC,-,CB,CB,BB,CC,CB,CB,CB,CC,CB,CB,CB,CB,CB,CB,CC,CC,CC,CC,CC,CC,BB,CB,CC,CC,CC,CC,CB,CB,CC,CC,CB,CB,CB,BB,CB,CB,CB,CB,CB,CB,CB,CC,CC,CB,-,CC,CC,CC,CC,CC,CC,CC,CC,CC,CC,BB,BB,CB,CB,CC,CC,CB,BB,CB,BB,CB,CC,CC,CC,CB,CB,CB,CB,CB
101,623,40,137,1,33,BB,BB,BB,BB,CB,CB,CC,CB,CB,CB,CB,CC,CB,CB,CB,CB,CB,CB,-,CC,CC,CC,CB,CB,CB,CB,CB,CB,CB,CB,CB,CB,CC,CC,CC,CC,CC,CC,CC,CB,CB,CB,BB,CB,CB,CB,-,CB,CB,CB,CB,CB,CB,BB,BB,BB,BB,BB,CB,CC,CB,CB,CB,CB,CC,CC,CC,CC,CC,BB,CB,CB,CB,CB,CB,CB,CB,CB,CB,CB,CB,CB,BB,BB,BB,BB,BB,BB,CC,BB,CB,BB,BB
106,637,41.7,131,1,34,BB,CB,BB,CB,CB,BB,BB,CB,CB,CB,CB,CB,BB,CB,BB,CB,CB,BB,CB,CC,CB,CB,CB,CB,CB,CC,CC,CB,CB,CB,BB,CC,CC,CB,CB,CB,CC,CC,CC,CB,BB,BB,BB,CC,CB,CB,CB,BB,BB,BB,CB,CC,CB,BB,CB,CB,CB,CB,CB,BB,CB,CB,CB,CB,BB,BB,CB,CB,CB,CB,CB,CB,CB,CB,CB,CB,BB,BB,CC,CB,CB,CB,BB,BB,BB,BB,BB,BB,CC,CC,CC,CC,CC
110,605,36.7,120,1,36,BB,BB,BB,BB,BB,CB,CB,CB,CB,BB,BB,CB,BB,BB,CB,CB,CB,CB,CB,CB,CB,CB,CC,CC,CC,CB,CC,CC,CB,BB,BB,BB,BB,BB,CC,CC,CC,CC,CC,BB,BB,BB,BB,-,CB,BB,BB,BB,BB,CB,CB,CB,CB,CB,CB,CB,CB,CB,CB,CB,CB,CB,CC,CC,BB,BB,BB,BB,CB,CC,CC,CC,CB,BB,CB,CB,CB,CB,CB,CB,CB,CB,CC,CC,CC,CC,CC,CB,CB,CB,CB,CC,CC
111,638,34.2,117,1,37,BB,BB,BB,CB,CB,CB,CB,CC,CC,CC,CC,CB,CB,CB,CB,CB,CB,BB,BB,CB,CC,CC,CB,BB,BB,BB,BB,CC,CC,CC,CC,CB,CB,CB,BB,CB,CB,CB,CB,CC,BB,BB,BB,BB,BB,BB,CB,CC,CC,CB,CB,CB,BB,CB,CB,CB,BB,BB,CB,CB,CB,CB,CB,BB,BB,BB,BB,BB,BB,CB,CB,CC,CC,CC,CC,CC,CB,CB,BB,BB,BB,CB,CB,CB,CB,CB,CB,BB,-,CB,CC,CC,CC
111,652,40,135,1,38,CB,CB,CB,CB,CB,CB,CB,CB,CB,CB,CB,BB,CB,BB,BB,CB,CB,CC,CC,CC,CC,CC,CC,CB,CB,CB,BB,CB,CB,CC,CC,CB,CB,BB,BB,BB,BB,BB,BB,CB,CB,CB,CC,CC,CC,CC,CC,CC,CC,CC,CB,CB,CB,CB,CB,BB,BB,CB,BB,CB,CB,CB,CB,CB,CB,CB,CB,CB,CB,CC,CC,CC,CB,CB,CC,BB,BB,BB,BB,BB,CB,CB,BB,BB,CB,CC,CC,CC,CB,CB,CB,CB,CB
116,546,32.3,129,1,39,BB,BB,BB,CB,CB,CB,CB,CB,CB,CC,CC,CB,CB,CB,CB,CB,CC,CB,CB,CB,CB,CB,CB,CB,CB,CC,CB,CC,CB,CB,BB,CB,CB,BB,BB,BB,BB,BB,CB,CB,CB,BB,BB,CB,CB,BB,BB,CB,CC,CC,CC,CC,CB,BB,BB,BB,CB,CC,CB,CB,BB,CB,CB,CB,CC,CC,CB,CB,CB,CB,CC,CC,CC,CC,CB,CC,CC,CC,BB,BB,BB,CC,CC,CC,CC,CB,CB,CB,BB,BB,BB,BB,BB
95,700,41,151,1,40,CB,CB,CB,CB,CB,CB,CB,CB,CB,CB,CB,CB,CC,CB,CB,CB,CB,CB,CB,CC,CC,CC,CB,CB,CB,CB,CB,BB,CB,CB,CC,CB,CB,CB,CC,CC,CC,CC,CB,CC,CB,CB,CB,CC,CB,CB,CB,CB,CB,CC,BB,BB,CC,CC,CC,CC,CB,CB,CB,CB,CB,CB,BB,BB,CB,CB,CB,CB,BB,BB,CB,CB,CB,CB,CB,CB,CB,CB,CC,CC,CB,BB,CB,CB,CB,CC,CC,CC,CB,CB,CB,BB,BB
96,579,45.2,138,1,42,CB,CB,CB,CB,CB,CB,BB,CB,CB,CB,CB,CB,CB,CB,CB,CB,CB,CB,BB,CB,CC,CC,CB,BB,CB,CB,CC,CB,BB,CB,CB,BB,BB,CB,CB,CB,CB,CC,CB,CC,CB,BB,BB,BB,BB,BB,CB,BB,BB,CB,CC,CC,CB,CB,CB,BB,BB,BB,CB,CB,BB,CB,CB,CC,CB,CB,BB,BB,BB,BB,BB,CB,CB,CB,CB,CB,CC,CC,CB,CB,CC,CB,CB,CB,BB,BB,BB,CC,CB,CB,CB,CB,CB
108,667,39.6,117,1,45,BB,BB,BB,CB,CB,CB,BB,BB,BB,BB,BB,CC,CB,CB,CB,BB,CB,CC,CB,CB,CC,CC,CC,CC,CC,CC,CB,CC,CC,BB,BB,BB,BB,BB,BB,BB,BB,BB,BB,CB,CB,CB,CB,CB,CB,CB,CB,BB,BB,BB,BB,CB,CC,CC,CC,CC,CC,CB,CB,CB,CC,BB,CB,CC,BB,BB,CB,CC,CC,BB,BB,BB,BB,BB,BB,BB,BB,BB,BB,BB,BB,BB,CB,CC,CC,CC,CC,CC,CB,CB,CB,CC,CC
110,667,39.5,140,1,46,CB,CC,CC,CB,CB,CB,CB,CB,CB,CC,CC,CB,BB,CB,CB,CB,CB,BB,BB,BB,BB,BB,CB,CC,CB,CB,CB,CB,CC,CC,CC,BB,BB,BB,BB,BB,CB,CB,CB,CC,BB,BB,BB,CB,CB,CB,CB,CB,CB,CB,CC,CB,CC,CC,CC,CB,BB,BB,CB,CB,CB,BB,BB,CB,CB,CB,CC,CC,CC,CC,CB,BB,BB,BB,CC,CB,CB,CB,CB,CC,CC,CC,CB,CB,CB,CB,CB,CB,CB,CC,CC,CC,CC
108,683,-,-,1,48,CC,CB,CB,-,BB,CB,CB,CB,CC,CC,CC,CB,CB,CC,CC,CB,CB,CB,CB,CB,CC,CC,CB,CB,CB,CB,CB,CB,CB,BB,BB,CC,CB,CB,CB,BB,BB,BB,BB,BB,CC,CC,CB,CB,CB,CB,BB,CB,CB,CB,CC,CC,CB,CB,CB,CB,BB,BB,CB,BB,CB,BB,CB,CB,CB,CB,CC,CC,CC,CB,CB,CB,CB,CB,CC,CC,CC,CB,CB,CB,CB,CB,BB,BB,BB,BB,BB,BB,CC,CC,CC,CB,BB
109,519,41.1,155,1,49,CB,CB,CB,CC,CC,BB,BB,BB,BB,BB,BB,BB,CC,CB,CB,CB,CB,BB,BB,BB,BB,BB,CB,CB,CB,BB,BB,BB,BB,CB,CC,CC,CB,BB,BB,BB,CB,BB,CB,BB,BB,CB,CC,BB,BB,BB,BB,BB,CB,CB,CB,CB,CB,BB,BB,BB,CC,CC,BB,CB,CC,CB,CC,CC,CC,CC,CC,CC,CB,CB,BB,BB,BB,CB,CC,CB,CB,CB,CB,CB,CB,BB,BB,BB,BB,CB,CB,CB,BB,BB,BB,BB,CB
118,547,39.6,145,1,50,CB,CC,CC,CC,CC,CB,CC,CC,CC,CC,CB,BB,CC,CC,-,-,BB,CB,CB,CB,CB,CB,CB,CB,CB,CB,CB,BB,BB,CB,CB,BB,BB,BB,CB,CB,CB,CB,CB,CB,CB,CC,CC,CB,CB,CB,-,CB,CB,BB,BB,BB,BB,BB,CB,CB,CB,CB,BB,CC,CC,BB,BB,BB,CB,CB,CB,CC,CC,CC,CC,CB,CB,CB,CC,CB,CB,CB,CB,CB,CB,BB,CB,CB,CB,CB,CB,CB,BB,BB,BB,CB,CB
106,594,38.6,145,1,51,CB,CB,CB,CB,CB,BB,BB,BB,CB,BB,BB,BB,CB,CB,CB,CC,CC,CB,CB,CB,CC,CC,CB,CB,CB,CB,CB,-,CC,CC,CB,BB,CB,CB,CB,CB,CB,CB,CB,CC,CC,CC,CB,CC,CC,CB,BB,CB,CB,CC,CB,CB,CB,CB,CB,CB,CB,CB,CB,CB,CB,CB,CC,CB,BB,BB,CC,CC,CC,BB,CB,CC,CC,CC,BB,BB,CB,CB,CC,CB,CB,CB,BB,BB,CB,CB,CB,CB,CB,CB,CB,CC,CC
117,597,47.9,165,1,52,CB,BB,BB,BB,BB,CC,CC,CC,CC,CC,CC,CB,CC,CC,CC,CB,CB,CB,BB,BB,BB,BB,CC,CC,CC,CB,CB,-,CB,CC,BB,BB,BB,CB,CB,CB,CB,CB,CB,CB,CC,CC,CC,CC,CC,CC,CB,BB,BB,BB,CB,CC,-,BB,BB,BB,CB,CB,CB,BB,BB,CB,CB,CB,CB,CB,CB,CB,CB,BB,BB,BB,BB,BB,CB,CB,CB,CC,CC,CC,CB,CB,CC,CC,CC,CC,CC,CC,CC,CC,CC,CB,CB
114,648,35.1,123,1,53,CB,CC,CC,CB,CB,CB,BB,-,CB,CB,CB,CB,BB,BB,BB,CB,CB,BB,BB,CB,CB,BB,BB,BB,BB,BB,CB,CB,CB,CB,CB,CB,CB,BB,BB,BB,BB,BB,CB,CB,CB,CB,CC,CB,CB,CC,CB,CB,BB,CB,BB,BB,BB,BB,BB,BB,BB,BB,CB,CC,CC,CB,BB,CB,CC,CC,CB,CB,CB,CC,CB,CB,CB,CB,CB,BB,BB,BB,-,CB,CB,CB,CC,CC,CC,CC,CC,CC,BB,BB,BB,BB,BB
96,571,35.7,137,1,56,CC,CB,CB,CB,CB,BB,BB,BB,BB,BB,CB,CB,CB,BB,BB,CB,CC,CC,CC,BB,CB,CB,CB,CB,CB,CB,CC,CB,CB,CB,CB,CC,CC,CB,CB,CB,CB,CB,BB,CB,CC,CC,CC,CB,CB,CC,CB,CB,CB,CB,CB,BB,CB,CB,BB,BB,CB,CB,CC,CC,CC,CB,CC,CC,CB,CB,CB,CC,CC,BB,CB,CB,CB,CB,CC,CB,CB,CB,CB,CB,BB,BB,CB,CB,CB,CB,CB,CB,CB,CB,CB,CB,CB
-,539,33.9,137,1,57,CB,CB,BB,CB,CB,CC,CB,CB,CB,CB,CB,CC,CB,BB,BB,BB,CB,CB,CB,BB,BB,BB,CB,BB,BB,BB,BB,CC,CC,CB,CB,CB,CC,CC,CC,CC,CC,CC,CB,CC,CC,CB,CB,CC,CB,CB,CC,CB,CB,CC,CC,CC,CB,CC,CC,CC,CC,CB,CC,CC,CB,BB,CB,CC,CC,CC,CB,CB,CB,CB,CB,CB,CB,CB,CB,CB,CB,CB,CB,CB,CB,CB,CB,CB,BB,BB,BB,BB,BB,BB,CB,CB,CC
96,531,41.6,132,1,58,CB,CB,CB,CB,CC,CC,CB,CB,CB,CB,CC,CC,CB,CC,CC,CC,CB,-,CB,CC,CC,CB,CB,CB,CB,CB,CB,CC,CC,CB,CB,CB,CB,CC,CC,CC,-,CC,CB,CB,CB,CB,CB,CC,CC,CC,CC,BB,CB,BB,CB,CB,CC,CC,CC,CC,CC,CC,CC,CC,CC,CB,BB,CB,CB,CB,CB,CB,CC,BB,BB,BB,BB,CB,CB,CB,BB,BB,CC,CB,CB,BB,CB,CB,CB,CB,CB,BB,CB,CB,-,-,-
88,575,42.2,183,1,59,CB,CB,CB,CB,CC,CB,BB,BB,CB,CB,CB,CB,CB,CB,CB,CB,CB,CC,CB,CB,CC,CC,CB,CB,CB,CB,BB,CB,CB,BB,BB,CB,CB,CB,CB,CC,CC,CC,CB,CB,CB,CB,CB,BB,BB,BB,BB,BB,CB,CB,CB,CB,BB,CC,CC,CC,CB,CB,CB,BB,BB,BB,BB,CC,CC,CC,CC,CC,CC,BB,BB,BB,BB,BB,CB,CC,CC,CC,-,CB,CB,BB,CB,CB,BB,BB,BB,BB,CC,CC,CC,CC,CB
109,603,30.2,128,1,60,CB,CB,CB,BB,BB,BB,CB,CB,CB,CB,CB,BB,CC,CC,CC,CC,CC,BB,BB,CB,CB,CB,CB,CB,CB,BB,BB,CB,CB,CB,CB,CC,CC,CC,CC,CC,CC,CC,CC,CB,BB,BB,BB,CB,CB,CB,CC,CB,CB,CB,CB,CB,BB,CB,CB,CB,CB,CB,BB,BB,CB,CB,CB,CC,CC,CC,CC,CB,CB,BB,CC,CC,CC,CC,CB,CB,CB,CB,BB,CB,BB,BB,CB,CB,CB,CB,CB,CB,BB,BB,BB,BB,CB
109,596,41.7,145,1,61,CB,CB,CB,BB,BB,CB,CC,CC,CC,CC,CB,CC,CC,CC,CC,CC,CC,CC,CC,CB,CB,CC,CB,BB,BB,BB,BB,BB,BB,CC,CB,CB,CB,BB,BB,BB,BB,BB,CB,BB,CB,CB,CB,CC,CB,CB,CB,CC,CC,CC,CC,CC,BB,BB,BB,BB,BB,BB,CB,CB,BB,CB,BB,BB,CC,CC,CB,CB,CB,BB,BB,BB,CB,CB,CB,CB,CC,CC,CB,CB,CB,CC,CB,CB,CB,CB,CB,CB,CB,CB,CB,CB,CB
-,-,35.5,120,1,63,CC,CC,CC,BB,BB,CB,CB,CB,CB,CB,CB,CB,CB,CB,CB,CC,CC,CC,CC,CC,CB,CB,CC,BB,BB,BB,CB,CB,CB,CB,CB,CC,CC,CC,CC,CC,CC,CC,BB,BB,CB,CB,CB,CB,BB,BB,BB,BB,BB,CB,CB,CB,BB,BB,BB,BB,CB,CC,BB,CB,CC,CB,CB,BB,CB,CB,CB,CB,CB,CC,CB,CB,CB,CB,CB,CB,CB,CB,CB,CB,CB,CC,CB,CB,CC,CC,CC,CC,CC,CC,CB,BB,BB
90,650,35,114,1,64,CB,CB,CB,CC,CC,CC,CC,CC,CB,BB,BB,BB,CB,CB,BB,CB,CB,BB,-,CC,BB,BB,CC,CC,CC,CC,BB,CC,CC,CC,CB,CC,CC,CC,CB,CB,CB,CB,CB,BB,BB,BB,CB,CB,CB,BB,-,CB,CB,BB,BB,CB,CC,CC,CC,CC,CC,CC,CC,BB,BB,BB,CB,CC,CB,BB,CB,CB,CB,CB,BB,CB,CB,CB,BB,BB,CB,CB,CB,CB,BB,CB,CC,CC,CB,CB,CB,CB,BB,BB,BB,BB,BB
123,674,37.5,159,1,65,CC,CC,CC,CC,CC,CC,CC,CC,CC,CC,CC,CC,CB,CB,CB,CB,CB,-,CB,CB,CB,CB,CB,CB,CB,CB,CC,CB,CB,CB,CB,CB,BB,BB,BB,BB,BB,BB,CB,CB,CC,CC,CC,CB,CB,CB,CB,-,CB,CC,CC,CC,CB,-,BB,CB,CB,CB,BB,CB,CC,CC,-,-,CC,CC,CB,CB,CB,CC,CB,CB,CB,BB,CB,CB,CB,CB,-,-,BB,BB,CB,-,BB,BB,BB,BB,CC,CC,-,-,-
112,644,39.8,128,1,66,CB,CB,CB,CB,CB,CB,BB,BB,BB,CC,CB,CB,CC,CC,CC,CB,CB,CB,BB,BB,CB,CB,BB,CB,CB,CB,CC,BB,BB,BB,CB,CB,CB,CB,CB,CB,CB,CB,CB,CB,CB,BB,BB,-,CC,CC,CC,CB,CB,CB,CB,CB,CC,CC,CB,-,CC,CB,CB,BB,CC,CB,CB,CB,BB,CB,CB,CB,CB,CB,CB,CB,CB,CB,CB,CB,BB,BB,BB,BB,CB,CB,CC,CC,CC,CB,CB,CB,CB,CB,CB,CB,CC
110,602,35.5,147,1,67,CB,CB,CB,CB,CB,BB,BB,BB,BB,BB,CB,CB,CB,CB,CB,CB,CB,CB,BB,CB,CB,CB,BB,CC,CC,CC,CB,BB,CB,CB,CB,CC,CC,CC,CC,CC,CC,CC,CB,CB,CB,CC,CB,BB,BB,CB,CC,BB,CB,CC,CC,CC,BB,BB,BB,BB,CB,CB,BB,CB,CB,CB,BB,-,BB,CB,CB,CB,CB,CB,CB,CB,BB,BB,CB,CC,-,CB,BB,BB,CB,BB,CB,CB,CB,CB,CB,CB,CC,CC,CB,-,CC
90,578,39.4,138,1,68,CC,CC,CB,CB,CB,CB,BB,CB,CB,CB,BB,BB,CB,CB,CB,CC,CC,CB,CC,CC,CC,CC,BB,BB,BB,BB,BB,CB,CC,CC,CB,BB,CB,CB,CB,CB,CB,CB,CB,BB,BB,BB,CC,CC,CB,CB,CC,CC,CC,CC,CC,CC,CC,CB,CB,CB,CC,CC,CB,BB,BB,CB,BB,CB,CB,CB,CC,CC,CC,BB,BB,BB,BB,CB,CC,CB,BB,BB,CB,CB,CB,CC,BB,BB,BB,BB,BB,BB,BB,BB,BB,CB,CB
98,617,42.4,147,1,69,-,CB,CB,-,-,CC,CC,CC,CB,CB,CB,CB,CC,CC,CB,CB,CB,BB,BB,BB,BB,BB,CB,CC,CC,CC,CC,CB,CB,CB,CB,CC,CC,CB,CB,BB,BB,BB,BB,CC,CC,CC,CC,-,BB,BB,CB,CC,CC,CC,CB,CB,CB,CB,CB,CB,CB,CB,CB,CB,CC,CC,CB,BB,-,CC,CC,CC,CC,BB,BB,BB,BB,BB,CB,CB,CB,CC,CB,CB,CB,BB,BB,BB,BB,BB,BB,CB,BB,BB,BB,BB,BB
103,666,32.5,140,1,70,-,CB,CC,CC,-,CB,CB,CB,CB,CB,CB,CB,CB,CC,CC,CC,CB,CB,CB,BB,BB,BB,CB,CB,CB,CB,BB,CB,CB,CB,CB,CB,CB,CB,CB,CB,CB,CB,CB,CC,CC,CC,CC,CC,CC,CC,CB,CC,CC,CC,CC,CC,BB,CB,CB,CB,CB,BB,CB,BB,CB,CB,CC,CC,BB,BB,BB,BB,BB,CB,CC,CC,CC,BB,CB,BB,BB,BB,BB,BB,BB,BB,CC,CC,CB,CB,CB,CB,BB,BB,BB,CB,CC
110,727,36.3,141,1,71,CC,CC,CC,CC,CC,CC,CC,CC,CC,CC,CC,CB,CC,CB,CB,CB,BB,CB,-,BB,CB,CB,CB,CB,CB,CB,CB,CB,CB,BB,BB,CB,CB,CC,CC,CC,CC,CC,CC,CB,CB,CB,CB,CC,CC,CC,CB,BB,BB,CB,CB,CB,CB,CC,CC,CC,CC,CC,CB,CB,CB,CB,CB,CC,CB,CB,CB,CB,CB,CC,CC,CC,CC,CC,CB,CB,CB,CB,BB,BB,CC,CC,BB,BB,BB,CB,CB,CB,CB,CB,CB,CB,CB
-,-,40.2,154,1,72,BB,CB,CB,CB,CB,BB,BB,BB,BB,CB,CB,CC,BB,BB,-,CB,CB,CC,CC,CC,CB,CB,BB,BB,BB,BB,CB,CB,CB,CB,BB,CC,CC,CB,CB,CB,CB,CB,BB,CB,BB,BB,BB,CB,CB,CB,BB,CB,CB,CB,CB,CB,CB,BB,BB,BB,BB,BB,BB,BB,CB,CB,CB,CB,CC,CC,CC,CC,CB,CB,CB,CB,CC,CC,BB,CB,CB,CB,CB,CB,CB,BB,CC,CC,CC,CC,CC,CC,CB,CB,CB,CB,BB
106,673,38.6,134,1,73,CB,BB,BB,CB,CB,BB,BB,BB,CB,CC,CC,BB,CB,CC,CC,BB,BB,BB,CB,CB,CB,-,CB,CB,CB,CB,CB,BB,BB,CB,CC,CC,CC,CC,BB,BB,BB,BB,BB,CB,CB,CB,CB,CB,CB,CB,BB,CC,CC,CB,CB,CB,CB,CC,-,CB,CB,CB,CC,CC,CB,CB,CB,CC,BB,BB,BB,CB,CB,CC,CC,CC,CC,CB,CC,CB,CB,CB,CB,CC,CC,CC,CB,CB,CB,CB,CB,CB,BB,BB,BB,BB,CB
109,576,29.5,124,1,74,CB,CB,CB,CB,CB,-,-,-,CC,CB,CB,BB,CC,BB,BB,CC,CC,CB,BB,BB,BB,BB,BB,BB,BB,CB,CB,CB,CB,CB,-,BB,BB,BB,BB,BB,BB,BB,CB,CB,CB,BB,BB,-,CB,CB,CB,CC,CC,CB,CB,CB,BB,BB,BB,BB,CB,CB,CB,CB,BB,CC,CB,BB,CB,CB,CB,CB,CB,CB,CB,CB,CB,CB,BB,CB,CB,CB,CB,CB,BB,CB,CB,CB,CC,CC,CC,CB,BB,BB,BB,BB,CB
99,649,34.7,101,1,76,CB,CB,CB,BB,BB,BB,CC,CC,CC,CC,CC,CC,CC,CC,CC,CC,CC,CC,CC,CB,CB,CB,CB,CB,CB,CB,CB,CB,CB,CC,CC,BB,BB,CB,CB,CC,CC,CC,CB,CB,BB,CB,CB,BB,BB,CB,CB,CC,CC,CB,CC,CC,CB,CB,CB,CB,CB,CC,CB,CC,CC,CB,BB,BB,BB,BB,BB,BB,CB,CB,BB,BB,BB,BB,CC,CC,-,CB,BB,CB,CC,CB,CB,BB,BB,BB,BB,BB,CB,CB,CB,CB,BB
-,-,41.2,119,1,77,BB,CC,CC,CB,CB,CB,CB,-,CC,CC,CC,CB,BB,BB,BB,BB,BB,-,CB,CC,CB,CB,CB,CC,CC,CC,CC,CC,CC,CB,CB,CC,CB,CB,CB,CB,CB,CB,CC,CB,BB,CB,CB,CB,CB,CB,BB,CB,CB,CB,CB,CB,CC,CC,CC,CC,CB,CB,CB,CC,CB,CB,CB,BB,CB,BB,BB,CB,CB,BB,BB,BB,BB,CB,CB,CB,CB,CB,-,CB,CB,CB,CC,CC,CC,CB,CB,CB,CB,CB,CB,CB,CB
103,658,35.8,113,1,78,CB,BB,BB,CB,CB,BB,CB,CB,CB,CB,CB,CB,CC,CC,CC,CC,CB,CB,CC,CC,CC,CC,CB,CB,CB,CB,CB,BB,BB,CB,CB,CB,CB,CB,CB,CB,CB,CB,CB,BB,BB,BB,BB,BB,BB,CC,CB,CB,CB,CB,CB,CB,CB,BB,BB,CB,CB,BB,CB,CB,CC,-,CB,CB,CB,BB,BB,CB,CC,BB,CB,CB,CB,CC,BB,BB,BB,BB,CC,CC,CC,CC,CC,CC,CC,CC,CC,CC,CC,CC,CC,CC,CC
115,667,36.2,113,1,79,CB,BB,BB,BB,BB,CC,CB,CB,CB,CB,CB,CB,BB,BB,BB,CB,CB,CB,CB,CB,CC,CC,BB,CB,CB,CB,CC,BB,BB,BB,CB,BB,BB,BB,BB,BB,BB,BB,CB,CB,BB,BB,BB,CB,CB,CB,CB,CB,CB,CB,CB,CB,CC,CB,CB,CB,CB,CB,CC,CC,CC,CB,CB,CB,CB,CC,CB,CB,CB,CC,CC,CB,CB,CB,CB,BB,BB,BB,CB,BB,CB,CB,CB,CB,CC,CC,CC,CB,CB,CB,CB,CC,CC
96,605,41.1,159,1,83,CC,CB,CB,CB,CB,CC,CC,CC,CB,CB,CB,CC,CB,CC,CC,CC,CB,CB,CB,CC,CB,CB,BB,BB,BB,BB,CB,CB,CB,CC,CC,CB,CB,CB,CB,CB,CB,CB,CC,BB,BB,CB,CC,CB,CB,CB,CB,CB,CC,CC,BB,BB,CB,CC,CC,CC,CB,CB,CB,CB,CC,CC,CB,CC,CC,CC,CB,CB,CB,CB,CB,CB,CB,BB,CB,CC,CB,CB,CC,CC,CC,CC,CB,CB,CB,CB,CB,-,BB,BB,BB,BB,BB
95,560,44.6,160,1,84,CB,CB,CB,CC,CC,CB,CB,CB,CB,CB,CB,CC,CC,CC,CC,CC,CC,CC,CC,CB,CB,CB,CB,CB,CB,CB,-,CB,CB,-,CC,CB,CB,CB,CB,CB,CB,CC,CB,CC,CB,CB,CB,CB,BB,CB,CB,CC,CC,CB,CB,CB,BB,CB,CB,CB,CB,CB,BB,CB,BB,-,CB,CC,CB,CB,CB,CB,CB,BB,BB,CB,CB,CC,CB,CB,CB,CB,BB,BB,BB,CB,CB,CB,CB,CB,CB,CB,CB,CB,CB,CB,CB
123,668,40.9,140,1,85,CC,CB,BB,CB,CB,BB,BB,CB,CB,CB,CC,-,BB,BB,BB,CB,CB,CB,CC,CC,CB,CB,CC,CC,CC,CC,CC,BB,BB,BB,BB,CB,CB,BB,BB,BB,BB,BB,BB,CB,CB,CC,CC,CC,CB,CB,CB,CB,CB,CC,CB,CB,CC,CB,CB,CB,CB,BB,BB,CB,BB,CC,CB,CB,CC,CC,CB,CB,CB,CC,CC,CC,CC,CB,CC,CC,CC,CC,CC,CC,CC,CC,CB,CB,CB,CB,CB,CB,CB,CB,CB,CC,CC
105,633,37.4,148,1,87,CC,CC,CB,BB,BB,CB,CB,CB,CB,CB,CB,-,CB,BB,BB,BB,BB,-,-,BB,CB,CB,CC,-,BB,BB,CB,CB,CB,BB,BB,CB,CB,CB,CB,CB,-,CB,BB,CB,CC,CB,CB,CB,CB,BB,-,CB,CC,CB,CB,CB,BB,BB,BB,BB,BB,CB,CC,BB,BB,CC,CB,BB,CC,CC,CC,CC,CC,CC,CC,CB,CB,CB,CB,CB,CB,CB,-,CB,CB,CB,BB,BB,BB,CB,CB,CB,CB,BB,BB,BB,BB
90,593,38.5,131,1,88,CC,CC,CC,BB,BB,CB,CC,CB,CB,CB,CB,BB,CC,CC,CC,CB,CB,BB,CB,CB,CB,CB,CB,CB,CB,CC,CC,CC,CB,CB,CB,BB,BB,CB,CC,CC,CC,CC,CC,CB,CB,CB,CB,CB,CB,CB,CC,CC,CC,CC,CB,CB,CB,CB,CB,CB,CB,BB,BB,BB,CC,CB,BB,BB,CB,CB,BB,BB,BB,BB,BB,BB,BB,BB,BB,BB,BB,BB,CB,CB,CB,BB,CC,CC,CC,CC,CC,CC,CB,CB,CB,CB,BB
113,590,34.4,133,1,89,BB,CB,CB,CB,CC,CB,BB,CB,CB,CB,CB,BB,BB,BB,CC,BB,CB,BB,BB,BB,CC,CC,BB,BB,BB,BB,CB,CC,CB,CB,CB,CB,CB,CB,CB,CB,CB,CB,CB,CB,CB,CB,CB,CB,CB,CB,-,BB,BB,BB,BB,BB,BB,CB,CB,CB,CB,CC,CB,CC,CC,CB,BB,CB,CB,CB,CB,CB,CB,CC,CC,CC,CC,BB,BB,CB,CB,CB,CB,-,CC,BB,CB,CB,CB,CB,CB,-,CB,CB,CB,CB,BB
113,532,34.1,134,1,90,CB,CB,CB,-,BB,BB,BB,BB,BB,BB,CB,CB,CB,CB,CB,CB,CB,CB,CB,CC,CB,CB,CB,CB,CB,BB,CB,BB,CB,CB,CC,CC,CC,CC,CC,CC,CC,CC,CB,CB,CB,CC,CC,CB,CC,CC,CB,CB,CB,BB,BB,CB,BB,CB,CB,CB,CC,CC,CB,CB,CB,CB,BB,BB,CB,CB,CC,CC,CB,CC,CB,CB,CC,CC,BB,CB,CB,CB,BB,BB,BB,BB,CB,CB,CB,CB,CB,CC,CB,CB,CB,BB,BB
100,591,36.5,140,1,93,CB,CB,CB,CC,CC,CB,CB,CB,CB,CC,CC,CB,CC,CC,CC,CB,CB,CB,BB,BB,CC,CC,BB,BB,BB,BB,BB,CB,CB,BB,BB,CB,CB,CB,CB,CB,CB,CB,CB,CB,BB,CB,CB,CC,CC,CC,CC,CB,CC,CB,CB,CB,BB,CB,CB,CB,CC,CC,CC,CB,CB,CB,CB,CB,CB,CB,BB,BB,BB,CC,CC,CC,CC,CC,CB,CB,CC,CC,CC,CC,CB,CC,CB,CB,CB,CB,CB,CB,CB,CB,CB,BB,BB
102,596,39.7,127,1,95,CB,CB,BB,CB,CB,CB,CC,CC,CB,CB,CB,BB,CB,CC,CC,CC,CC,BB,BB,CB,CC,CC,BB,CB,CB,CC,CC,BB,BB,CB,CB,BB,BB,BB,BB,BB,BB,BB,BB,BB,BB,CB,CB,BB,BB,BB,BB,CC,CC,CC,CB,CB,CC,CC,CB,CB,BB,BB,CB,BB,BB,CC,CC,CB,CC,CC,CB,CB,CC,BB,BB,BB,CB,CB,CB,CB,CC,CC,CB,CB,BB,CB,CB,CB,CB,CB,CB,CC,CB,CC,CC,CC,CB
118,573,32.4,127,1,96,CB,CB,CB,CB,BB,BB,BB,BB,BB,BB,BB,CB,CB,CB,CB,CB,BB,CC,CC,CC,CC,CC,CB,BB,BB,BB,CB,CB,BB,BB,CB,BB,BB,BB,BB,BB,BB,CC,CB,CC,CC,CC,CB,CC,CC,CC,CC,CC,CB,CB,CC,CC,CB,BB,BB,BB,CB,CB,BB,BB,CB,CC,CB,CB,CC,CC,CC,CC,CC,CB,CB,CB,CB,CB,CB,CC,-,CB,CC,CC,CC,CC,CB,CB,CC,CC,CC,CC,CC,CC,CC,CC,CC
104,553,31.4,130,1,98,CB,CC,CC,CB,CB,BB,CB,CC,CC,CC,CB,BB,BB,BB,BB,CB,CB,-,CC,CC,CB,CB,CB,CB,CB,CB,CB,CC,CB,CB,CB,BB,BB,CB,CB,CB,CB,CB,CC,BB,BB,CB,CB,CC,CC,CC,CC,CC,CC,CC,CC,CB,BB,CB,CB,CB,CC,CC,BB,CC,CB,BB,-,-,BB,CB,CB,BB,BB,CB,CB,CB,CB,CB,CC,CC,CC,CC,-,-,CB,BB,BB,-,CB,CB,CB,CB,BB,BB,-,-,-
112,699,34.6,127,1,99,CB,CB,CB,CB,CB,CB,CB,CC,CC,CC,CC,CB,CC,CC,CC,CC,CC,CB,CB,CB,CB,CB,CB,CB,CB,CB,CB,CB,CB,CC,CB,CC,CC,BB,BB,BB,BB,BB,CC,CC,CC,CC,BB,CC,CC,CC,CB,BB,BB,BB,CB,CB,CB,CB,CB,CB,BB,BB,CC,CB,BB,CC,CB,BB,CC,CB,CB,CB,BB,CC,CC,CC,CC,BB,CB,CC,CC,CC,BB,BB,BB,BB,CB,CB,CB,CB,CB,CB,BB,BB,BB,BB,BB
107,586,36.2,106,1,100,CB,CB,CB,CB,CB,CB,CB,CB,CB,CB,CB,CB,CB,CB,CB,CB,BB,-,CB,BB,BB,-,CB,CC,CB,CB,-,BB,CB,-,CC,CB,CC,CC,CC,CC,CB,CB,CB,BB,BB,BB,BB,CC,CC,CB,CB,CB,CB,CB,BB,BB,CB,CB,CB,CB,BB,BB,BB,BB,CC,BB,BB,-,BB,BB,CB,CB,CC,CB,CB,CB,CB,CB,CB,CB,CB,CB,-,BB,CC,BB,BB,BB,BB,CB,CB,BB,BB,BB,-,-,-
-,-,44.7,135,1,101,BB,BB,BB,CB,CB,CB,CB,BB,BB,BB,CB,CB,CB,CC,CC,CB,BB,CC,CC,CC,CC,CC,CB,CB,CB,CB,CB,CB,CB,CB,CB,CB,BB,CB,CB,CB,CB,CB,CC,BB,BB,BB,CB,BB,BB,BB,CB,CB,CB,CC,CC,CB,CB,BB,CB,CB,CB,BB,BB,BB,BB,CB,CB,CB,CB,CB,CB,CB,BB,BB,BB,CB,CB,CB,BB,CB,CB,CB,CB,CB,CB,CB,CB,CB,CB,CB,CB,CB,CB,CB,CB,CB,CB
100,606,37.5,107,1,102,CB,CB,CB,CB,CB,CB,CB,CB,BB,BB,BB,CB,CC,CC,CC,CB,CB,CB,CC,CC,CC,CC,CB,CB,CB,CB,BB,BB,BB,CB,CB,CB,CB,CB,CB,CB,BB,BB,BB,CB,BB,BB,BB,CB,CC,CC,CB,BB,BB,CB,CB,CB,BB,BB,BB,CB,CC,CC,CC,CB,-,CB,BB,BB,CB,CB,BB,CB,CB,CB,CB,CB,BB,BB,BB,CB,CB,CB,BB,BB,BB,CB,BB,BB,BB,BB,BB,CB,CC,CB,CB,CB,CB
121,595,37.6,93,1,104,BB,CB,CC,CC,CC,CB,CB,CB,CB,CB,CB,CB,CB,CB,CB,CB,CB,CB,CB,CB,CB,CB,CB,CC,CC,CC,CC,CC,CC,CB,CB,CC,CC,CC,BB,BB,BB,BB,BB,CC,CB,CB,CB,CB,BB,BB,BB,CB,CC,CC,CC,CC,CB,CB,CB,CB,CB,BB,CB,CB,CB,CB,BB,BB,CB,CB,CB,CB,CB,CC,CC,CC,CC,CC,CB,CB,CB,CB,CB,CC,CB,CB,BB,BB,CB,CB,CB,CB,CB,BB,BB,BB,BB
109,600,35.1,117,1,105,CB,CB,CB,CB,CB,CC,CC,CC,CC,CC,CC,BB,BB,BB,BB,CB,BB,BB,-,CB,CB,CB,BB,BB,BB,BB,CB,CB,CB,CC,CC,CC,CC,CC,CC,CC,CC,CC,CB,BB,BB,BB,BB,CC,CC,CB,-,CC,CC,CC,CC,CC,CC,CB,CB,CB,CB,CB,BB,BB,BB,CB,CC,CC,CB,CB,CB,CB,CB,CC,CC,CC,CC,CB,CC,CC,BB,BB,CB,CB,CB,BB,CC,CC,CB,CB,CB,CB,CC,CC,CC,CC,CB
111,635,38.6,102,1,106,BB,CB,BB,BB,BB,CB,BB,BB,BB,CB,CB,CC,CB,CB,CB,CB,CB,-,-,CC,CC,CC,CC,CC,CC,CB,CB,CB,CB,BB,BB,CB,BB,CB,CB,CB,CB,CB,CB,CB,CC,CC,CC,CC,CC,CC,CB,CB,CB,CC,CC,CC,CB,CB,CB,CB,CB,CB,BB,CB,BB,CB,BB,BB,CB,BB,BB,BB,BB,CB,CB,CB,CB,CB,CB,CB,CB,CB,-,CC,CC,BB,CB,CB,CB,CB,CB,CB,CB,CB,CB,CB,CB
117,630,44.9,161,1,107,BB,CB,CB,CC,CC,CB,CB,CB,CB,CB,CB,CB,CB,CB,CB,CB,CB,CB,BB,CB,BB,BB,CB,BB,BB,BB,BB,CB,CB,BB,BB,BB,BB,BB,CB,CB,CB,CB,CB,CC,CB,CB,CB,CB,CB,CC,CC,CB,CB,CB,BB,BB,CC,CC,CC,CC,CC,CB,CB,BB,BB,CB,BB,BB,CB,CB,CB,CB,CB,BB,BB,BB,CB,CC,BB,CB,CB,CB,BB,BB,BB,BB,CB,BB,BB,CB,CB,CB,CC,CC,BB,BB,BB
101,548,42.9,150,1,108,BB,BB,BB,BB,BB,BB,BB,BB,BB,BB,BB,BB,BB,CB,CB,CB,CB,BB,BB,CB,BB,BB,CC,CC,CC,CB,CC,CC,CC,CC,BB,CC,CC,CB,CB,CB,CB,BB,CC,BB,CB,CB,CB,CC,CB,CB,CC,BB,BB,CB,BB,BB,CC,CB,CB,CB,CB,CB,CB,BB,BB,BB,CB,BB,BB,BB,CB,CB,BB,CB,BB,BB,BB,BB,BB,BB,BB,BB,CC,CC,CC,BB,CB,CB,CB,CB,CB,CB,BB,BB,BB,CB,CB
98,603,31.7,119,1,109,CB,CB,CB,BB,BB,CC,CC,CC,CC,CB,CB,CB,BB,BB,BB,CB,CC,CB,CB,CB,CB,BB,CB,BB,BB,BB,CB,BB,BB,CC,CB,CC,CC,CB,CB,CB,CB,CB,CB,CB,BB,CB,CB,CB,BB,BB,CB,CC,CC,BB,BB,BB,BB,BB,BB,BB,CB,CB,BB,CB,CB,BB,CB,CB,BB,BB,BB,BB,BB,CB,CB,CB,BB,BB,BB,BB,BB,CB,CC,CC,CC,CC,CB,CB,CB,CB,CB,CC,-,CB,BB,CB,CB
-,-,35,125,1,110,CB,CB,CB,CB,BB,BB,CB,CC,CC,CC,CC,CC,CB,CB,CB,CB,CB,CB,CB,CC,CC,CC,CB,CC,CC,CC,CC,BB,CC,CC,CC,CC,CC,CC,CC,CB,CB,CB,BB,CB,CB,CB,CB,CB,BB,BB,CB,CB,CB,CB,CB,BB,CC,CB,CB,CB,CC,CB,CC,CB,CB,BB,CC,CC,BB,CB,CC,CC,CC,BB,CC,CC,CC,CC,BB,BB,BB,BB,CC,CC,CB,CB,BB,BB,BB,BB,BB,BB,CB,CB,CB,CB,CC
105,647,27.5,136,1,111,BB,BB,BB,BB,CB,CC,CC,CC,CC,CC,CC,CC,CB,BB,BB,CB,CB,CB,BB,BB,CB,CB,CB,CB,CC,CB,CB,BB,CC,CC,CC,BB,BB,BB,BB,BB,BB,BB,BB,CB,BB,BB,CB,CB,CB,BB,CB,CB,CB,BB,BB,BB,CB,CB,CB,CB,CB,CB,CC,CB,CB,CC,CB,CB,CC,CC,CC,CC,CB,CB,CB,CB,CB,CB,CB,CC,CC,CC,CB,CB,CB,CB,CB,CB,CB,CC,CC,CC,CB,CB,CB,CB,CC
104,649,30.5,122,1,112,CB,CB,CB,CC,CC,CB,CB,CB,CB,CC,CC,CC,BB,BB,BB,CC,CC,CB,CB,CB,CB,CB,BB,BB,BB,BB,BB,CB,CB,CC,CC,BB,CB,CB,BB,BB,BB,BB,BB,CC,CC,CC,CB,CB,BB,BB,BB,CC,CC,CC,CB,CB,CB,BB,BB,BB,CB,CB,BB,BB,CB,CC,CC,CC,CC,CC,CC,CC,CC,CB,CB,CB,CB,CB,CB,CC,CC,CC,CC,CC,CB,CB,CC,CC,CB,CB,CB,CB,CC,CC,CC,CB,CB
100,748,40.1,92,1,113,CC,CC,CC,CB,CB,CB,CB,-,CC,CC,CC,CC,CB,CB,CB,CB,BB,CC,BB,BB,CB,CB,CB,CB,CB,CB,CC,CB,CB,CB,CB,CC,CC,CC,CC,CC,CB,CB,BB,CB,CB,CC,CC,CB,CB,CB,CB,CB,CB,CC,CC,CC,CC,CC,CC,CC,CB,CB,BB,CC,CB,CC,CC,CC,CB,CB,CB,CB,CB,BB,BB,BB,BB,BB,BB,BB,CB,CB,CB,CB,CB,CB,CC,CB,BB,BB,BB,BB,CB,CB,CB,CC,CB
103,528,40.5,120,1,114,BB,BB,BB,BB,BB,BB,BB,BB,BB,BB,BB,CB,CB,CB,CB,CC,CC,BB,BB,BB,CC,CC,CB,CB,CB,CB,CB,CC,CB,BB,BB,CB,CB,CB,-,CC,CC,CC,CC,CB,CB,CC,CC,CC,CC,CC,BB,CC,CC,BB,BB,BB,CB,CB,CB,CB,CB,CB,CB,CB,CB,BB,CB,BB,CC,CC,CC,CC,CC,BB,BB,-,CB,CB,BB,BB,BB,BB,CB,CB,CC,CC,CB,CB,CB,BB,CB,CB,CB,CC,CC,CC,CB
119,725,32,95,1,115,CB,BB,CC,BB,BB,CB,CC,CC,CC,CC,CC,CB,CC,CB,CB,CB,CB,CC,CC,CB,CB,CB,BB,BB,CB,CC,CB,CC,CC,CC,CC,CB,CC,CC,CC,CB,CB,CB,CB,CB,BB,CB,CB,CB,CC,CC,CB,BB,BB,CB,CC,CC,CB,CB,CB,CB,CB,CB,BB,CC,CB,CC,CB,CB,CC,CC,CB,CB,CB,CB,CC,CC,CC,CC,BB,BB,BB,BB,CC,CC,BB,BB,CB,CB,CB,CB,CB,CB,CB,CB,CB,CB,BB
106,712,27.6,129,1,116,CB,BB,CB,BB,BB,CB,CC,CC,CC,CC,CC,BB,BB,BB,CB,CB,CB,CC,CC,CC,CB,CB,CC,CC,CC,CC,BB,CB,CB,CB,BB,BB,BB,CB,CB,CB,CB,CB,BB,CC,CB,CB,CB,CB,CB,CB,CB,BB,BB,BB,CB,CC,CB,CB,CB,CB,CB,CB,BB,CB,CB,CB,CB,CB,CB,CB,BB,BB,BB,BB,CB,CB,CB,CB,CB,BB,CB,CB,CB,CB,CB,CB,CB,CB,CB,CB,CB,CB,CB,BB,BB,BB,BB
107,678,26.5,103,1,117,BB,BB,BB,BB,BB,BB,CB,CB,CB,CB,CB,CC,BB,BB,BB,BB,CB,CB,CB,CC,BB,BB,CB,BB,BB,BB,CB,CC,CC,CC,CC,CB,CB,CB,CB,CB,CB,CB,CB,CC,BB,BB,CB,CB,CB,CB,CB,BB,BB,CB,CC,CC,CB,CB,CB,CB,BB,BB,CB,CB,BB,CC,CB,CB,CB,CB,BB,BB,BB,CB,CB,CB,BB,CB,CC,CC,CC,CC,BB,BB,CB,CB,CB,CB,CB,CC,CC,CC,BB,BB,BB,CB,CB
81,602,38,132,1,118,BB,CB,CB,CB,CB,CB,BB,-,CB,CB,CB,CB,CB,CB,CC,CC,CC,CC,CC,CC,CC,CC,CB,CB,CB,CC,CB,BB,BB,BB,BB,CB,CC,CB,CB,CB,CB,CB,BB,CB,CB,BB,BB,BB,BB,CB,CC,CB,CB,CC,CC,CC,CB,CC,CC,CC,CB,CB,CB,CB,BB,BB,BB,CB,CB,CB,CB,CB,CB,BB,BB,BB,BB,BB,CC,CC,CB,CB,CB,CB,CB,CB,BB,BB,BB,BB,BB,CC,CB,CB,CB,CC,CC
104,498,31.1,152,1,119,CB,CB,CB,CB,CB,CB,CB,-,BB,BB,BB,CB,BB,BB,BB,BB,CC,CC,CC,BB,CB,CB,CB,CB,CB,BB,BB,CC,CB,CB,CB,BB,BB,BB,BB,BB,BB,BB,CB,BB,BB,BB,CB,CB,CB,BB,CB,CB,CB,CB,BB,BB,CB,BB,BB,BB,CC,CC,BB,BB,BB,CB,BB,BB,CC,CC,CC,CC,CC,BB,BB,BB,BB,BB,CC,CC,CC,CC,BB,BB,BB,BB,BB,BB,BB,BB,BB,CB,CC,CC,CC,CC,CC
107,631,35.3,153,1,120,CC,CB,BB,CC,CC,CB,CB,CB,CB,CB,CB,CB,CB,CC,CB,CB,-,CC,CC,CC,CC,CC,CB,CC,CC,CC,CB,CC,CC,CB,BB,CB,CB,CB,BB,BB,BB,BB,CB,CB,CB,CC,CC,CC,CC,CC,CC,BB,BB,CB,CB,CB,CB,CB,CB,CB,CB,CB,BB,BB,BB,CB,BB,-,CB,CB,BB,BB,BB,CB,CB,CB,CB,CB,BB,BB,BB,CB,CB,CB,CB,CB,CB,CB,CC,CC,CC,CB,BB,BB,CB,CB,CB
106,616,33.6,117,1,121,CC,CB,BB,CB,CB,BB,CB,CB,CB,CB,CB,CB,-,BB,BB,BB,-,CB,BB,BB,CB,CB,CB,BB,BB,BB,CB,CB,BB,CB,CB,BB,CB,CB,CC,CC,CC,CC,CB,CB,CB,CB,CB,CC,CB,BB,-,CB,CB,CB,CB,CB,CB,BB,BB,BB,CB,CB,CB,CC,CC,CC,CC,BB,CB,CB,BB,BB,BB,CB,CB,CB,CB,CB,BB,BB,BB,BB,CC,CC,CB,CB,CB,CB,CB,CB,CB,CB,CB,CB,CB,CB,CB
109,662,30.3,100,1,124,CB,CB,CB,CB,CB,BB,BB,BB,BB,BB,BB,BB,CB,BB,BB,CB,CB,BB,CB,CC,CC,CC,CB,CB,CB,CC,CB,CB,BB,BB,CB,CB,CB,CB,CB,CB,CB,CB,CB,BB,BB,BB,CC,CB,CB,CB,CB,CB,CB,CB,CC,CC,CC,CC,CC,CC,CB,BB,BB,BB,BB,BB,CB,CB,BB,CB,CB,CB,CB,CB,CB,CB,CB,CB,CB,CC,CB,CB,CB,BB,BB,CB,CC,-,CB,CB,CB,CB,BB,BB,CB,CB,CB
107,600,35,198,1,126,CB,CB,BB,CB,CB,CC,CC,-,CB,CB,BB,CB,-,BB,BB,CB,CB,CC,CC,CC,-,CB,BB,BB,BB,BB,BB,BB,CB,CB,BB,CC,CC,CC,CC,CB,CB,CB,CB,CB,CC,CC,CC,BB,BB,CB,-,BB,BB,BB,BB,BB,CC,CB,CB,CB,CC,CC,BB,CC,CC,CB,CB,CC,CC,CC,CC,CB,CC,CC,CB,CB,CB,CB,BB,BB,BB,BB,CB,CB,CC,CC,CB,CB,CB,CB,CB,CB,BB,BB,BB,BB,CB
98,659,29.9,129,1,127,BB,BB,BB,BB,CB,BB,BB,-,CB,CB,CB,CB,CC,CC,CC,CB,CB,CC,CC,CB,CB,CB,CB,CB,CC,CC,CC,CC,CC,CC,CC,CC,CC,CC,CC,CC,CB,CB,BB,CC,CC,CB,CB,CB,CB,CB,CB,BB,BB,BB,CB,CB,CB,CC,CC,CC,CC,CC,CB,CB,CB,CC,CC,CC,BB,BB,BB,BB,-,BB,CC,CC,CC,CC,CC,CC,CB,CB,CC,CC,CC,CC,CB,CB,BB,BB,CB,BB,CC,CC,CC,CC,CB
92,614,37.2,115,1,128,BB,BB,CB,CC,CC,CB,BB,BB,BB,BB,BB,CB,CB,BB,BB,BB,CB,CB,CB,CB,CC,CC,BB,BB,BB,BB,CB,BB,BB,BB,CB,CB,CB,CB,CB,CB,CB,CB,BB,CB,CB,CC,CB,CB,CB,CB,CB,CB,CB,CC,CC,CC,CB,CB,CB,CB,CC,CC,CC,CC,CB,CB,CC,CC,CB,CB,CB,BB,BB,CC,CB,CB,CB,BB,CB,BB,BB,CB,CB,CB,CB,CC,CB,CB,CB,CB,CB,CB,CC,CC,CC,BB,BB
97,575,35.3,118,1,129,CB,CC,CB,CC,CC,BB,BB,-,CB,CB,CB,CB,CB,CC,CC,CC,CB,CC,CC,CB,BB,-,CB,CB,CB,CB,CC,BB,CB,CB,CB,CB,CB,CB,CB,CB,CB,CB,BB,CC,CC,CC,CC,CB,BB,BB,BB,CC,CC,CB,CB,CB,BB,CB,CB,CC,CC,CC,BB,CB,CB,CB,BB,BB,CB,CC,CC,CC,CC,CB,CC,CB,CC,CC,CB,CB,CB,CC,CC,CC,CC,CB,CB,CB,CB,CB,-,CC,CB,BB,BB,BB,BB
99,633,33.7,117,1,130,CB,CB,CB,CB,CB,CB,CB,-,BB,BB,BB,CB,CC,CC,CC,CB,BB,CB,CB,CB,CB,CB,CB,CB,CB,CB,CC,CB,CB,CC,CC,CC,BB,BB,CB,CB,CB,CB,CB,BB,CB,CB,CB,BB,BB,BB,CB,BB,BB,BB,BB,CB,BB,CB,CC,CC,CC,CB,CB,CB,CB,CB,BB,BB,CC,CC,CB,CB,CB,CB,CB,CC,CC,CC,CC,CC,CC,CC,CB,CB,CB,BB,CB,CC,CC,CB,CC,CC,BB,BB,BB,BB,CC
112,708,29,109,1,131,CB,BB,BB,BB,BB,CB,CB,CB,CB,CB,CB,CC,BB,BB,BB,BB,CB,CC,CB,CB,BB,BB,CB,CB,CB,CC,CC,CB,CC,CB,CB,BB,BB,BB,BB,BB,BB,BB,BB,CB,CB,CB,CB,BB,BB,BB,CB,BB,BB,BB,BB,BB,CB,BB,CB,CB,CB,CC,CB,CB,CB,CB,CB,-,CC,CC,CB,CB,-,CB,CB,CB,BB,BB,CB,CB,CB,CB,CC,CC,CC,CB,CC,CB,CB,CB,CB,BB,CB,CB,CC,CC,CB
105,581,39.2,87,1,132,CB,CB,BB,CC,CB,CB,CB,CB,CB,BB,BB,CB,BB,CB,CC,CB,CB,CB,BB,BB,CB,CB,CB,CB,CB,CC,CB,BB,BB,BB,CB,CB,CB,CB,BB,BB,BB,BB,BB,BB,BB,BB,BB,CB,CB,BB,CB,CC,CC,CB,BB,CB,CC,CC,CC,CC,CB,CB,CB,CC,CC,BB,BB,BB,BB,BB,BB,CB,-,CB,BB,BB,BB,BB,BB,BB,CB,CB,CC,CC,CB,CB,CB,CB,CB,CB,CB,BB,CC,CC,CC,CC,CC
109,549,36.3,136,1,133,CB,BB,BB,BB,CB,BB,BB,-,CC,CC,CC,CC,CC,CB,CB,CB,CB,CB,BB,BB,CB,CB,CB,BB,BB,BB,CB,CC,CC,CC,CB,CB,CB,CB,CB,CB,CB,CB,CB,CB,CC,CC,CC,CC,CB,CB,CB,CB,CB,CC,CB,CB,CB,CC,CC,CC,CB,CB,BB,BB,CB,CB,CC,-,CC,CC,CB,CB,CB,CB,CB,CB,CB,CB,CB,BB,BB,BB,BB,CB,CC,CC,CB,-,BB,BB,BB,BB,CB,CB,CB,CB,CC
104,647,32.2,145,1,134,CB,CB,BB,BB,BB,CB,CC,CC,CC,CC,CC,CC,BB,BB,BB,CC,CC,CB,CB,CB,CB,CB,CB,BB,CB,CB,CC,CC,CC,CC,CC,CB,CC,CC,CC,CC,CC,CC,CB,BB,BB,CB,CB,CB,CB,CB,CB,BB,BB,CB,CB,CB,CB,CB,CB,CB,CB,CB,CC,CB,CB,CC,BB,BB,CC,CC,CB,CB,-,CC,CB,CC,CB,CB,CC,CC,CB,CB,CB,CB,CB,BB,BB,BB,BB,BB,BB,BB,CB,CB,CB,CB,CB
108,623,38.3,175,1,135,CC,CB,BB,CB,CB,CB,CC,-,CB,CB,CB,BB,CC,BB,BB,BB,CB,CC,CC,CB,CB,CB,CB,BB,CB,CB,CB,BB,BB,BB,BB,CB,CB,BB,BB,BB,BB,BB,BB,CB,BB,CB,CB,CB,CC,CC,CC,CB,CB,CB,BB,CB,CC,CC,CC,CC,CB,CB,CB,CB,CC,BB,CB,-,CB,CB,CB,BB,BB,CB,CB,CB,CB,CB,CB,CB,CB,CB,CB,CB,CB,CB,BB,BB,BB,BB,BB,CB,CB,CB,CB,CB,CB
111,571,38.8,158,1,136,BB,BB,CB,CB,CB,CC,CC,-,CB,CB,CB,CC,-,CB,CB,CB,CB,CB,BB,BB,CB,CB,CB,CB,CB,CB,CB,CB,BB,BB,BB,CC,CC,CB,BB,BB,BB,BB,BB,CB,BB,BB,BB,CB,CB,CC,-,BB,BB,BB,BB,BB,CB,BB,BB,BB,BB,BB,CC,BB,BB,CB,CB,BB,CB,CB,CB,CB,BB,BB,BB,BB,CC,CC,BB,CB,CB,CB,BB,BB,BB,BB,CB,CB,CC,CC,CC,CC,CB,CB,CB,CB,CB
115,589,33.2,107,1,137,CC,CC,BB,CC,CC,CC,CB,-,BB,CB,CB,CB,CC,CB,CB,CC,CC,CB,CB,BB,CB,CB,CC,CC,CC,CB,CB,BB,CC,CC,CC,CC,CC,CC,CB,CB,CB,CB,CB,BB,BB,BB,CB,BB,-,CB,CC,CB,CB,CB,CC,CC,BB,BB,BB,BB,BB,CB,CC,CB,CC,CB,BB,BB,CB,CB,BB,BB,-,CB,CC,CB,CC,CC,CC,CC,BB,BB,CB,CB,CC,CB,CB,-,CC,CC,CC,CB,CB,CB,CB,CB,CB
115,568,29.9,97,1,138,CB,BB,CB,BB,BB,BB,BB,BB,BB,BB,BB,CB,CC,CC,CC,BB,BB,BB,BB,BB,BB,BB,CB,CB,CB,CB,BB,BB,BB,BB,BB,CB,CB,CB,CB,CB,CB,CB,CB,CB,BB,BB,BB,BB,BB,BB,BB,CC,CC,CC,CC,CC,CB,CB,CB,CB,BB,BB,BB,CB,CB,CB,CB,CB,CC,CC,CC,CC,CC,CC,CB,CC,CB,CB,CB,CB,CC,CC,CB,CB,CB,CB,CB,-,CC,-,CB,CB,CB,BB,BB,BB,CB
115,658,33.1,113,1,139,CC,CC,CB,CB,BB,CC,CC,-,CB,CB,CB,BB,CB,-,CC,CB,-,CB,BB,BB,-,CC,CC,CC,CC,CB,BB,CB,CB,CB,CC,BB,BB,BB,BB,BB,CB,CB,CB,CB,CC,CC,CC,BB,BB,BB,CB,CB,CB,BB,CB,CB,CB,CB,CB,CB,CB,CB,CB,CB,CB,CC,CB,-,CC,CB,BB,BB,BB,CB,CB,BB,CB,CC,CB,CB,CC,CC,BB,BB,BB,BB,CC,CC,CC,CC,CC,CC,CC,CC,CC,CC,CC
104,604,34.4,149,1,140,CC,CC,BB,CB,CB,CB,CB,CB,CB,CB,BB,BB,CC,CC,CC,CC,CB,BB,CB,CC,CC,CC,CB,CB,CB,CB,CB,CB,CB,CC,CC,CB,CB,CB,BB,BB,BB,BB,BB,CB,CB,CB,CB,CB,CC,CC,CB,BB,BB,BB,BB,BB,BB,CB,CB,CB,CB,CB,CC,CC,CC,CC,BB,BB,CB,CB,CB,CB,BB,CB,CB,CB,CC,CB,CB,BB,BB,BB,BB,BB,CB,CB,CC,CC,CC,CC,CC,CC,BB,CB,CB,CB,CB
105,674,37.3,127,1,142,CB,CB,CB,CB,CB,CB,CC,CC,CC,CC,CC,CB,BB,CB,CB,BB,BB,BB,BB,CB,CB,CB,CB,CB,CB,CB,BB,CB,CB,BB,BB,BB,CB,CB,CB,CB,CB,CB,CB,BB,CB,CB,CB,CB,CB,CC,CC,CB,CB,BB,BB,BB,CB,CB,CB,CB,CB,CB,CC,CC,BB,CC,CC,-,CB,BB,CB,CB,-,CB,CB,CC,CB,CC,BB,BB,CB,CB,CC,CC,CC,CC,BB,BB,BB,BB,BB,BB,CB,BB,BB,BB,CB
106,569,29.2,116,1,143,CC,CB,BB,CC,CC,BB,BB,-,CB,CC,CC,CC,BB,CB,CB,CB,CC,CB,BB,BB,CB,CB,CB,CB,CB,CB,CB,CB,CB,CB,CB,BB,BB,BB,BB,BB,BB,BB,BB,CB,CB,CB,CC,BB,BB,CB,CB,CB,CB,CB,CB,CB,BB,BB,BB,BB,CC,CC,CB,CB,BB,CB,CC,CC,BB,BB,BB,BB,BB,CB,CC,CC,CC,CC,CC,CC,CC,CC,CB,CB,CB,CB,CC,CC,CB,CB,CB,CB,CB,BB,BB,BB,CB
108,504,30.6,144,1,144,CB,CB,BB,BB,BB,CC,CC,CC,CC,CC,CC,CC,CB,CB,BB,BB,BB,CC,CC,CB,CB,CB,CB,CC,CC,CC,CB,CC,CC,CB,CB,CB,CB,BB,BB,BB,CB,CB,CB,BB,CB,CB,BB,CB,CB,CB,BB,BB,BB,BB,BB,CB,CB,CB,CB,CC,CC,CB,CB,CC,CC,CC,CB,-,CB,CB,CB,BB,BB,CB,BB,BB,CB,CB,CC,CC,CB,CB,BB,BB,BB,CB,BB,BB,BB,BB,BB,BB,CB,CB,CB,CB,CB
98,556,33.2,105,1,145,CB,CB,CB,CB,CB,CB,CB,CB,CB,CB,CB,CB,CB,CB,CB,CC,CC,CB,BB,BB,CC,CC,BB,CB,CB,BB,BB,BB,CB,CC,CB,CB,CB,CB,CB,CB,CB,CB,CB,CB,BB,CB,CB,CB,CC,CC,CC,CC,CC,CC,CC,CC,CB,BB,BB,BB,BB,BB,CC,CC,BB,CB,CB,CB,CB,CB,CB,CB,BB,CB,BB,BB,BB,BB,CC,CC,CC,CC,CB,CB,CB,CB,CB,CB,CB,CB,CC,CB,CB,CB,CB,CB,CB
96,603,37.5,144,1,146,CB,CB,CB,CB,CB,CB,CB,CB,CB,CB,CC,CC,BB,BB,BB,BB,CB,BB,CB,CB,CB,CB,BB,BB,BB,BB,CB,BB,BB,BB,BB,CC,CC,CB,CB,CB,CB,CB,CC,BB,CB,CC,CC,CC,CC,CC,CB,BB,BB,BB,BB,BB,CB,CB,CB,CB,CB,CB,CB,CC,CB,BB,CC,CC,CB,CB,CB,CB,-,CB,CB,CB,CB,BB,CB,CB,CB,CB,BB,BB,BB,BB,BB,CB,CC,CC,CB,CC,CB,CB,CB,CC,CC
118,548,38.8,110,1,147,BB,BB,BB,BB,CB,BB,BB,-,CB,CB,CB,CB,-,CB,CB,CC,CB,BB,BB,BB,CC,CC,CB,CB,CB,CB,CC,BB,BB,BB,BB,CB,CB,CB,BB,BB,BB,BB,BB,CC,CC,CC,CC,BB,BB,CB,-,CB,CB,CC,CC,CC,BB,BB,BB,CB,CC,CC,CB,CB,CB,CB,CB,BB,BB,CB,CB,CC,CB,CB,CB,CB,CC,CC,BB,CB,CB,CB,CB,CB,CB,CB,CC,CC,CC,CC,CC,CB,CB,CB,CC,CB,CB
107,538,42.2,154,1,148,CB,CB,CB,CC,CC,BB,BB,-,CB,CB,CB,CB,CB,CB,CB,CB,BB,BB,BB,BB,CC,CC,BB,CB,CB,CB,CB,CB,CB,CB,CB,CB,CB,BB,BB,BB,CB,CB,CB,CB,BB,BB,BB,CB,CB,CC,CC,CB,CB,CB,CB,CB,CC,CC,CC,CC,CC,CC,CB,CB,CB,CC,BB,BB,CB,CB,CB,CB,CB,CB,CB,CB,CB,CB,CC,CB,CB,CB,BB,BB,BB,CB,CB,CB,CB,BB,CB,CB,CC,CC,CB,CB,CC
110,526,38.8,136,1,149,CB,CB,CC,CB,CB,CC,CC,CC,CC,CB,CB,CB,-,-,CB,CB,-,CC,CC,CB,BB,CC,CC,CC,CB,BB,BB,CB,CB,CC,CC,CB,CB,CB,CB,CB,CB,CB,BB,CC,CC,CB,CB,CB,CB,CB,-,CC,CC,CC,CB,CB,CB,CC,CC,CC,CC,CB,CB,CB,CC,CC,CC,CC,CC,CC,CC,CB,CB,CB,BB,CC,CB,CB,CB,CB,CB,CC,CB,CB,CB,BB,CB,CB,CC,CB,CB,CB,CB,BB,BB,BB,CB
110,570,40,157,1,150,CB,CB,CB,CB,CB,CB,CB,CB,CB,CB,CB,CC,CB,CB,CB,CC,CB,CB,CB,CB,CC,CC,CC,CC,CB,CB,BB,CB,CB,CC,CC,CC,CC,CB,CB,CB,CB,CB,CB,CB,CB,CB,CB,BB,BB,CB,CC,BB,BB,BB,CB,CB,CB,BB,BB,BB,BB,CB,BB,CC,CC,BB,BB,BB,CB,CC,CC,CC,CC,CB,CB,CC,CB,CC,CB,CC,CC,CC,BB,BB,BB,CB,CB,CB,CB,CB,CB,CB,CB,CC,CC,CC,CC
108,657,35.9,95,1,151,CB,CB,CB,CB,CB,CC,CC,-,CB,BB,BB,CC,CC,CC,CC,BB,BB,BB,BB,CB,CB,CB,CB,CB,CB,CB,CB,CB,CB,CB,CB,CB,CB,BB,BB,BB,BB,BB,BB,CB,CB,BB,BB,CC,CC,CB,CB,CC,CC,CC,CC,CC,CB,CB,CB,CB,CB,CB,CC,CC,CB,CC,CB,CB,CB,CB,CB,CB,CB,CB,CB,CB,CC,CC,CB,CB,CB,CB,CB,CB,CB,CB,CB,CB,CB,CB,CB,CB,BB,BB,BB,BB,CB
106,557,36,179,1,152,CC,BB,BB,BB,CB,CC,CC,CC,CC,CB,CB,CB,CB,CB,CB,CB,BB,CC,CC,CB,-,BB,CC,CC,CB,CB,CB,CB,CC,CC,CC,BB,BB,BB,BB,BB,BB,BB,CB,CC,CC,CC,CB,-,CB,CB,CC,CB,BB,BB,CB,CB,CB,CB,CB,CB,CB,CB,CB,BB,BB,CB,BB,CB,CB,CB,CC,CC,-,CB,BB,-,CB,CB,CB,CB,CB,CB,BB,BB,CC,CC,BB,BB,BB,CB,CB,CB,CB,CB,BB,CB,CB
109,596,31.6,93,1,154,CB,CB,BB,CB,CB,CB,CB,-,BB,BB,BB,CB,BB,BB,BB,CB,CB,CB,BB,BB,BB,BB,CC,CC,CC,CC,CC,CB,CB,CB,BB,CB,CB,CB,CC,CC,CC,CC,CC,CB,CC,CC,CC,CB,CB,CB,CB,CC,CC,CB,CB,CC,CB,BB,BB,BB,BB,CB,BB,CB,CB,BB,BB,BB,BB,BB,BB,BB,BB,CB,CB,CB,CC,CC,CC,CC,CC,CC,CB,CB,CC,CC,CB,CB,CB,CB,CB,CB,CB,CB,CB,CB,CB
97,637,38.7,93,1,155,BB,BB,BB,BB,BB,CC,CB,-,BB,BB,BB,CB,CB,CB,CB,CC,CB,CB,CC,CC,CC,CC,CB,CB,CB,CB,BB,CC,CC,CC,CC,CC,CC,CC,CB,BB,BB,BB,BB,CB,CC,CB,CB,BB,BB,CB,CB,CC,CB,CB,CB,CB,CC,CB,CB,CB,CB,CB,CB,CB,CB,CB,CC,CB,CB,CB,BB,BB,BB,CB,BB,-,CB,CB,CB,CB,BB,BB,CB,CB,BB,BB,CC,CC,CB,CB,CB,CB,CB,CB,CB,CB,CB
111,665,42.8,128,1,156,CB,CB,CB,CB,CB,CB,CB,CB,CB,CB,CB,CB,BB,BB,BB,CB,CB,CB,CB,CC,CB,CB,CC,CB,CB,CB,CB,CB,CB,CB,CB,CB,CB,CB,CB,CB,CB,CB,CC,CB,CB,CC,CC,CB,CB,BB,BB,BB,BB,CC,CC,CC,CC,CB,CB,BB,CB,CB,CB,CB,CB,CB,CC,CC,BB,CB,CC,CC,CC,CC,BB,BB,BB,BB,CB,CB,CC,CC,CB,CC,CC,CC,CB,CB,CB,CB,CB,CB,BB,CB,CC,CC,CC
119,668,36.9,82,1,157,CB,CB,BB,CB,BB,BB,CB,CB,CB,CB,CB,CB,BB,BB,BB,CC,CC,CC,CC,CB,CC,CC,CB,CC,CB,CB,BB,CB,CB,CB,CB,CB,CC,CC,CC,CC,CB,CB,CB,BB,BB,BB,BB,BB,CC,CC,CC,CB,CB,BB,BB,BB,CB,BB,BB,BB,CB,CC,CC,CC,CC,CB,CC,CC,CB,CB,BB,BB,CB,CC,CC,CC,CB,CB,CB,CB,CB,CB,CB,CB,CB,CB,CB,CB,CC,CC,CC,CC,CB,CB,CB,BB,BB
92,661,36.1,143,1,158,CC,CB,BB,CB,CB,CB,CB,-,CC,CC,CC,CC,CB,CB,CB,CB,BB,CB,CB,CB,CB,CB,CB,BB,BB,BB,BB,CC,CC,CB,CB,BB,BB,CB,CB,CB,CB,CB,CB,CC,CC,CC,CC,CB,CB,CB,BB,CB,CB,CB,CB,CC,CB,BB,BB,BB,BB,BB,CC,CC,CC,CB,BB,CB,BB,BB,BB,BB,BB,CB,CB,BB,BB,BB,CB,CB,CB,CB,CB,CB,BB,BB,CB,CB,CB,CB,CB,CB,CB,CB,CB,CC,CC
96,653,37.7,134,1,160,CB,CB,BB,CB,CB,CC,CC,CC,CC,CC,CC,BB,CB,CB,CB,BB,BB,CC,CC,CB,BB,BB,BB,CB,CB,CB,BB,BB,BB,CB,CB,CB,CB,BB,BB,BB,BB,BB,CB,BB,CB,CB,CB,BB,BB,CB,CB,CB,CB,BB,BB,BB,CB,CB,CB,CB,CB,CB,CC,CB,CB,BB,CB,CB,BB,BB,CB,CB,CB,CB,CB,CB,CB,CB,CC,CC,CC,CC,CB,CB,CB,BB,BB,BB,BB,CB,CB,CB,BB,CB,CB,CB,CB
104,674,35.4,125,1,161,CB,CB,BB,CB,CC,CC,CC,-,CB,CB,CB,CB,CC,CB,CB,CB,CB,CB,CB,CC,CC,CC,CB,BB,BB,BB,CB,CB,CB,CB,CB,CC,CC,CB,BB,BB,BB,BB,BB,BB,CB,CB,CB,CB,CB,CB,CB,CB,CB,CC,CC,CC,CB,BB,BB,CB,CB,CB,CB,CB,CB,CB,CB,CB,BB,CB,CC,CC,CC,CC,CB,CB,CB,BB,CB,BB,BB,BB,CB,CB,CB,CB,CC,CB,CB,CB,CB,CB,CB,BB,BB,BB,BB
92,525,31.9,123,1,162,CB,CC,BB,CC,CC,BB,BB,BB,BB,BB,BB,BB,CC,CC,CC,CB,CB,CB,BB,BB,BB,BB,BB,-,CB,CB,CB,CB,CC,CB,CB,CB,CC,CC,CC,CC,CC,CC,CC,CC,CB,CB,BB,CB,CB,CB,CB,CB,CB,BB,CB,CB,CC,CC,CB,BB,BB,BB,CB,CB,CB,BB,-,-,CB,CB,CB,CB,-,CC,CB,CB,CB,CB,CB,BB,CB,CB,CB,CB,CB,BB,CC,CC,CC,CB,CB,BB,BB,BB,BB,BB,CB
111,666,37.4,120,1,163,CB,BB,BB,BB,BB,CB,CB,-,CC,CC,CC,CB,CB,CB,CC,CB,CB,CB,BB,BB,BB,BB,CC,CC,CC,CC,CB,CB,CB,CB,CB,CC,CB,CB,CB,CB,CB,CB,CB,CC,CC,CC,CC,CC,CC,CC,CC,CC,CC,CC,CC,CC,BB,BB,BB,BB,BB,BB,CC,CB,CB,CB,BB,BB,CB,CB,CC,CC,-,CC,CB,CB,CB,CB,CC,CC,CB,CB,CB,CB,CC,CC,CB,BB,BB,BB,-,-,BB,CB,CB,CC,CC
100,698,35,120,1,164,CB,CB,BB,-,CB,CC,CC,-,CB,CB,CB,CB,CB,CB,CB,CB,CB,CB,CB,CB,BB,CC,CC,-,CB,CB,BB,CC,CC,CB,BB,CB,CC,CC,CC,CC,CB,CB,BB,CB,BB,BB,BB,CB,CB,CB,CB,CC,CC,CC,CC,CB,CC,CC,CC,CC,BB,BB,CC,CC,CB,CB,BB,CC,CB,CB,CB,CB,-,CC,CC,CC,CC,CC,BB,BB,BB,BB,CB,CB,CC,CB,CC,CC,CC,CC,CB,CB,BB,CB,BB,BB,BB
93,684,42.6,132,1,165,BB,BB,CB,CB,CB,CC,CC,-,CB,CB,CC,-,CC,BB,BB,BB,BB,CB,CB,CC,CC,CC,CB,CB,CB,CB,CC,CB,BB,BB,CC,CB,CB,BB,BB,BB,BB,BB,BB,CC,CB,CB,CC,CB,CB,CB,CB,CB,CB,CB,CB,CC,CB,CB,-,CC,CB,CB,CC,CB,CC,CC,CC,CC,CC,CC,CC,CB,-,CB,CB,CB,CB,CB,BB,BB,BB,BB,CC,CC,CC,CB,BB,BB,CC,CC,CC,CC,BB,BB,BB,BB,CB
98,669,37.6,132,1,166,CB,CC,BB,CC,CC,CC,CB,CB,CB,BB,BB,CB,CC,CC,-,CB,CB,BB,CB,CB,CB,CB,CB,CC,CC,CC,CB,CC,CC,CC,CC,CC,CB,BB,BB,BB,BB,BB,BB,CC,CC,CB,CB,BB,CB,CC,CC,CC,CC,CC,CB,CB,CB,CB,BB,BB,BB,BB,CB,CC,CB,CB,CB,CC,CC,CC,CB,CB,-,BB,CB,CB,CB,CB,CC,CC,CC,CC,CB,CB,CC,CC,CB,CB,CB,CB,CB,CB,BB,CB,CB,CC,CC
107,678,41.1,136,1,167,CB,CB,BB,CC,CC,CC,CC,CC,CC,CC,CC,CB,-,CC,CC,CB,BB,CB,CC,CC,CC,CC,CB,BB,BB,BB,CB,CC,CB,BB,BB,BB,BB,BB,BB,BB,BB,BB,CC,CC,CC,CB,BB,BB,-,CC,-,CB,CB,BB,BB,BB,CB,CC,CB,CB,CB,BB,CC,CB,CB,CC,CC,CB,CB,CB,CB,CB,-,BB,BB,CB,CB,CB,BB,BB,BB,BB,CB,CB,CB,CC,CB,CB,CB,CB,CB,CC,CB,CB,CB,CB,CB
91,663,39.1,132,1,168,CC,CC,BB,CB,CB,CB,CB,CB,CB,CB,BB,BB,BB,BB,BB,CB,CB,BB,CB,CB,-,BB,CB,CB,CB,CB,CB,CB,CC,CC,CB,BB,BB,BB,CB,CB,CB,CB,CB,CB,BB,BB,BB,CB,CB,CC,CC,CB,CB,CB,CB,CB,CB,CB,CB,CC,CC,CC,CB,CB,CB,CB,BB,CB,CB,CB,CB,CB,-,CB,CB,CB,CB,CB,CB,BB,BB,BB,CB,CB,CB,CB,BB,CC,CC,CC,CC,CC,CB,CB,CB,CB,BB
113,649,37.9,134,1,170,BB,CB,BB,CC,CC,CB,CB,CB,CB,CB,CB,CB,CC,CC,CB,CB,CB,CC,CC,CB,CB,CB,CB,CB,CB,CB,CB,CB,CB,CB,CB,BB,BB,BB,BB,BB,BB,BB,BB,BB,BB,CB,CB,CB,BB,CB,CB,BB,BB,CB,CB,CB,CC,CC,CC,CC,CC,BB,BB,CC,CB,CB,CB,CB,CB,CB,CB,CB,-,CB,CB,CB,CC,CC,CB,CB,CB,CB,CB,CB,BB,BB,CB,CB,CC,CC,CC,CC,BB,-,CB,CC,CC
94,620,34,130,1,172,BB,CB,BB,CB,CB,BB,BB,-,CB,CB,CB,CC,CC,CB,CB,CB,CB,CB,CC,CB,BB,BB,CB,CC,CC,BB,BB,CB,CC,CB,BB,CC,CC,CC,CC,CB,CB,CB,CB,CC,CB,BB,BB,CB,CB,CC,CC,BB,BB,BB,BB,BB,BB,CC,CC,CB,CB,CB,CB,BB,CB,CC,CB,BB,CB,BB,BB,BB,BB,CC,CB,CB,CB,CB,CC,CB,CB,CB,CC,CC,BB,BB,BB,BB,BB,BB,BB,BB,CB,CC,CC,CC,CC
92,502,31,118,1,173,BB,CB,BB,CB,CB,CB,CB,CB,CB,BB,BB,BB,CB,BB,BB,BB,CB,CB,CB,CB,CB,CB,CB,CC,CB,CB,CB,CB,CC,CC,CB,CC,CB,CB,CB,CB,CB,CB,CB,CC,CB,CB,CB,CC,CC,CB,CC,CB,CB,CB,BB,BB,BB,BB,BB,BB,BB,CB,CB,BB,CB,CB,CB,CB,CB,BB,BB,BB,BB,BB,BB,BB,BB,CB,CB,CB,CC,CC,BB,BB,BB,BB,CB,BB,CB,CB,CB,CB,CC,CB,CB,CB,BB
104,703,38.1,133,1,174,CB,CB,CB,CC,CC,CC,CC,-,CB,CB,CB,CB,CC,CB,CB,BB,BB,BB,CB,CB,CB,CB,CB,CB,CB,CB,CB,CB,CC,CC,BB,CB,CB,CB,-,CC,CC,CC,CC,CB,BB,BB,CC,CB,CC,CB,CB,BB,BB,BB,CB,CB,CB,CC,CC,CB,CB,CC,BB,CC,CC,CB,BB,BB,CB,CB,CC,CC,CC,CB,CB,CB,CB,CB,CB,CB,BB,BB,CB,CB,CB,CB,CC,CC,BB,BB,BB,BB,CB,CB,CB,CB,CC
79,594,34.7,128,1,175,CB,CB,BB,CB,CB,CC,CB,-,BB,BB,BB,BB,CC,CC,CC,CC,CC,CB,CB,CC,CB,CB,CB,CC,CC,CC,BB,CB,CB,CC,BB,CC,CC,CB,CB,CB,CB,CB,CB,CB,CB,CB,CB,CB,CB,BB,CB,CB,CB,BB,BB,BB,BB,CB,CB,CB,CB,CC,CC,CC,CB,BB,CB,CB,CB,CC,CC,CC,CC,CC,CB,CB,CB,BB,CB,BB,CB,CB,CB,CB,CB,CB,CB,CB,CB,CB,CB,CB,CC,CC,CC,CB,CB
95,621,38.9,135,1,180,BB,BB,BB,CB,CC,BB,BB,BB,BB,BB,BB,CC,CB,CB,CB,CB,-,CB,CC,CC,CC,CB,CC,CC,BB,BB,BB,BB,BB,-,CB,BB,BB,BB,CB,CB,CB,CB,CB,CB,CB,CB,BB,CB,CC,CC,CC,BB,BB,CB,CC,CC,CB,BB,BB,BB,CC,CC,BB,CB,CC,CB,CB,-,BB,BB,BB,BB,BB,BB,BB,BB,BB,BB,CB,CB,BB,BB,BB,BB,CB,CB,CC,CB,CB,CB,CB,BB,CB,CB,CB,CB,CB
97,720,42.4,147,1,181,CB,CB,BB,CB,BB,CB,CB,-,BB,BB,BB,CC,CC,CC,CC,CB,CB,CB,-,BB,BB,BB,CC,CC,CC,CC,CC,CB,CB,CB,CC,CC,CC,CC,CB,CB,CB,CB,CB,-,CC,CC,CC,CB,CB,CB,CB,BB,BB,BB,BB,BB,BB,BB,CB,CB,CB,BB,CC,CC,CB,CB,BB,BB,CB,CB,CC,CC,-,CB,CB,CB,CB,CB,BB,BB,-,CC,CC,CC,CB,CC,-,CC,CC,CC,CC,-,CB,CB,CB,CB,CB
108,621,39.1,123,1,182,CB,CB,BB,CB,CB,BB,CB,CB,CB,CB,CB,-,CB,-,CC,CB,CB,BB,BB,BB,CC,BB,CC,CC,CB,CB,CC,CB,CB,BB,CB,CB,CB,BB,CB,CB,CB,CB,CB,BB,BB,CC,CC,CB,CB,CB,CB,BB,BB,BB,BB,BB,BB,CC,-,CB,CB,BB,CC,CC,CB,CB,CB,BB,BB,BB,BB,BB,-,CB,CB,CC,CC,CC,CB,CB,BB,BB,CB,CB,BB,CB,CB,CB,CB,CC,-,CB,CB,CB,CB,CB,CB
89,563,35.1,137,1,184,CC,CC,CB,CC,CC,CB,BB,BB,BB,BB,BB,CB,BB,CB,CB,CB,BB,CB,CB,CB,CB,CB,CB,CB,BB,BB,CB,CC,CC,CC,CB,CB,CB,CC,CC,CB,CB,CB,BB,CB,CB,CB,BB,BB,BB,BB,CB,CB,CB,CB,BB,BB,CC,CC,CC,CC,CB,CB,CB,BB,CC,CC,BB,BB,CC,CC,CC,CC,CB,CC,CC,CB,CB,CB,CB,CC,CC,CC,BB,BB,CB,CB,BB,BB,BB,BB,BB,BB,BB,BB,BB,BB,BB
107,690,29.1,120,1,185,CB,CB,CB,BB,BB,CB,CB,CB,CB,CC,CC,CB,CB,-,BB,CB,-,CB,CB,CB,BB,BB,BB,BB,BB,CB,CB,CC,CC,BB,CB,BB,BB,BB,BB,BB,CB,CB,CB,CC,CC,CC,CC,CB,BB,BB,CB,CC,CC,CB,CB,CB,CB,BB,CB,CB,CC,CB,BB,CB,CB,CC,CB,CB,CB,CB,CB,BB,BB,CC,CB,CB,CB,BB,CB,CB,CB,CB,CB,CB,CB,BB,CC,CC,BB,BB,BB,-,CC,CC,CB,CB,CC
104,570,34.3,128,1,186,CB,CB,BB,CB,CB,CC,CC,-,CB,CB,CB,CB,CB,-,CC,CB,-,CC,CB,CB,BB,BB,BB,CC,CC,CC,CB,CB,CB,BB,BB,BB,BB,BB,BB,BB,BB,BB,BB,BB,BB,CB,CB,CB,CB,CB,CB,BB,BB,BB,CB,CB,CB,CB,CB,CB,BB,BB,CC,CB,CB,CB,CB,CB,CB,CB,BB,CB,CB,CB,CB,CB,CB,CB,CB,CB,CB,CB,CC,CC,CB,CB,BB,CB,CB,CB,CB,CB,CC,CC,CC,CB,BB
95,545,34.2,122,1,187,CB,CC,CB,CC,CC,CB,CB,CB,CB,BB,BB,BB,CC,CC,CC,CB,CB,CC,CC,CC,CC,CC,BB,BB,BB,BB,BB,CB,CB,CB,BB,CB,CC,CB,CC,CC,CC,CC,CB,CB,CB,BB,BB,CB,CB,CB,CB,CC,CC,CC,CB,CB,CB,CB,CB,CB,BB,CB,CB,CB,CC,CC,CC,CC,CB,CC,CB,CB,CB,CB,CB,CB,CB,CB,BB,CB,CB,CB,CB,CB,CB,CB,CC,CC,CC,CC,CB,BB,CB,CB,CB,BB,CB
89,679,32,116,1,188,CC,CC,CB,CC,CB,CC,CC,-,CB,CB,CB,CB,CC,CC,CC,CB,CB,CC,CC,CC,CC,CC,CB,BB,BB,CB,CB,CB,CB,CB,BB,BB,BB,CB,CB,CB,CB,CB,BB,CB,CB,CB,CB,CB,CB,BB,CB,CB,CB,BB,BB,BB,CB,CC,CC,CB,CB,CB,CC,BB,CB,CB,BB,BB,BB,CB,CB,CB,CB,CB,CB,CB,CB,CB,CC,CC,CC,CC,CC,CC,CC,CB,BB,BB,BB,BB,BB,BB,CB,CC,CC,CC,CB
100,533,32.7,120,1,189,CB,CB,BB,CB,CB,CB,CB,-,BB,BB,BB,BB,CC,CB,CB,CB,CC,CC,CB,CB,CB,CB,CC,CC,CB,CB,CB,CB,CB,BB,BB,BB,CB,CB,BB,BB,BB,BB,BB,BB,BB,CC,CC,BB,CB,CB,BB,CC,CC,CB,CB,CB,CB,CB,CB,CB,CC,CB,BB,CC,CB,CC,CB,BB,BB,BB,BB,CB,CB,CB,CB,CB,CB,CC,BB,CB,CB,CB,CB,CB,BB,BB,BB,BB,BB,BB,BB,BB,BB,CB,CB,CB,CC
95,550,37.3,123,1,190,BB,CB,CB,CB,CB,CB,CB,CB,CB,CB,CB,BB,BB,CB,CB,BB,CB,CB,CB,BB,CB,CB,BB,CB,CB,CB,BB,CB,CB,CB,BB,BB,CB,CB,CB,CB,CB,CB,CB,CB,CB,CB,CB,CB,CB,CB,CB,CB,CB,CB,CB,BB,CB,CB,CB,CC,CC,CB,CC,CC,CC,CC,CB,BB,CB,CB,BB,BB,BB,CB,CB,CB,CB,BB,CC,CB,CB,CB,CB,CB,BB,BB,CB,CB,CB,CB,CB,CB,CC,CC,CC,CC,CB
90,650,38.2,116,1,191,CC,CB,CB,CB,CB,CC,CC,CC,CC,CC,CB,BB,CB,CB,CC,CC,CB,BB,BB,CB,CB,CB,CB,CB,CB,CB,CB,CB,CB,CB,CB,CB,CB,CB,CB,CB,CB,CB,CB,BB,BB,BB,BB,CB,CB,CC,CB,BB,BB,CC,CC,CC,CB,CC,CC,CC,CC,CC,CB,CB,CC,CC,CC,CC,CB,CB,BB,BB,BB,BB,BB,BB,CB,CC,CB,CB,BB,BB,BB,CB,CB,CB,BB,BB,BB,BB,BB,BB,CC,CB,CB,CB,BB
96,557,30.1,126,1,192,CB,BB,BB,BB,BB,CC,CC,CC,CC,CC,CC,CB,CB,BB,BB,BB,BB,BB,CC,CC,CC,CC,CB,CB,CB,CB,CB,CC,CC,CB,CB,CB,CB,CB,CB,CB,CB,CB,CB,CB,BB,CB,CB,CB,CB,BB,CB,CC,CC,CB,CB,CB,CB,CB,CB,CB,CB,CB,CC,CC,CB,CB,CB,CB,CC,CC,CC,CC,CC,CB,CC,CC,CC,CC,CC,CC,CC,CC,CB,CB,CB,CB,CB,CB,CB,CB,CB,CB,CC,CC,CC,CC,CB
102,571,29.1,101,1,194,CB,CB,BB,CB,CB,BB,CB,CB,CB,BB,BB,BB,BB,BB,CB,CB,CB,BB,BB,BB,CB,CB,CC,CB,CB,CB,CC,CB,CB,CC,CB,CC,CC,CC,CB,BB,BB,BB,BB,CB,BB,BB,BB,CB,BB,BB,BB,BB,BB,BB,BB,BB,CB,CC,CB,CB,CB,CB,CC,CB,CC,CC,CC,CB,CB,CB,CB,CB,-,BB,CB,CB,CB,CB,CB,BB,CB,BB,CC,CC,BB,BB,BB,BB,BB,-,CC,CC,BB,BB,BB,BB,CC
104,501,34.3,122,1,196,CC,CC,CB,CC,CC,CC,CB,-,BB,BB,BB,CB,CB,CB,CB,CC,CC,CB,CB,BB,BB,BB,CC,CC,CC,CC,CB,CB,CB,CB,BB,CB,CB,CB,CB,CB,CB,CB,CC,CC,CC,CB,CB,CB,CB,CB,BB,CB,BB,BB,BB,BB,CB,CC,CC,CC,CB,CB,CB,CB,CB,BB,CB,CB,BB,BB,BB,BB,-,BB,BB,BB,BB,CB,CB,CB,CB,CC,CB,CB,CB,CB,CB,CB,BB,CC,CB,CB,BB,BB,CB,CC,CC
102,614,35.6,137,1,198,CB,CB,CB,CB,CB,CC,CC,-,CB,CB,CB,CB,CB,CB,CB,BB,BB,BB,BB,BB,BB,BB,CC,CC,CB,CB,CB,CB,BB,CB,CB,CC,CC,CC,CC,CC,CB,CB,CB,BB,CB,CB,CB,CB,CB,CB,CB,CB,CB,CC,CB,CB,BB,BB,BB,BB,CC,CC,CB,CB,CB,BB,CB,CB,CB,CC,CC,CC,-,CC,CB,CB,CB,BB,CB,CB,CB,CB,CB,CB,CC,CC,BB,BB,CB,CB,CB,CB,BB,CB,CB,CC,CC
93,608,33.2,128,1,199,CC,CC,BB,CC,CB,CB,BB,BB,BB,CB,CB,CB,BB,BB,BB,BB,BB,BB,BB,CB,CB,CB,CB,BB,BB,BB,BB,BB,CB,CB,BB,BB,BB,BB,CB,CB,CB,CB,CB,CB,CC,CB,CB,CB,BB,BB,BB,CB,CB,BB,BB,BB,BB,BB,BB,BB,CB,CB,CC,CB,CB,CB,CB,CB,CB,CB,CC,CC,CC,BB,CB,CB,CB,CB,BB,CB,CC,CC,CC,CC,CC,CC,CB,CB,CB,BB,BB,BB,CB,CB,CB,CB,CB
101,542,40.1,144,1,200,CB,CC,BB,BB,BB,BB,CB,-,-,CC,CC,CB,CC,CB,CB,CB,CB,CB,CB,CB,BB,BB,CB,CB,CC,CC,CB,CB,BB,BB,BB,CB,CB,CB,CB,CC,CC,CC,CC,BB,BB,BB,BB,CB,CB,CB,CB,CC,CC,CB,BB,BB,BB,BB,BB,BB,CB,CB,CB,BB,BB,CC,CB,CB,BB,BB,CB,CB,-,CB,BB,-,CB,CB,BB,BB,BB,BB,CB,CB,CB,CB,CB,CB,CB,CB,CB,CB,BB,CB,CB,CB,CB
113,546,32.8,127,1,201,BB,BB,BB,CB,CB,CB,BB,BB,BB,BB,CB,CC,BB,BB,BB,CB,CB,CC,CC,CC,CB,CB,CC,CC,CC,CB,CB,BB,BB,CB,CB,BB,BB,BB,BB,CB,CB,CB,CB,CB,CB,CB,CB,BB,BB,BB,BB,CC,CC,CC,CC,CB,CB,CB,CB,CB,CB,CB,CC,CC,CC,CB,BB,BB,CC,CC,CC,CC,-,CC,CB,CB,CB,CB,CB,CB,CB,CB,CB,CB,CB,CB,CC,CB,CB,CB,CB,CB,CC,CC,CC,CB,CB
114,580,28.8,115,1,202,BB,CB,CB,BB,BB,CB,BB,BB,BB,CB,CB,CB,CB,CB,CB,BB,BB,CB,CC,CC,-,BB,CB,BB,BB,CB,CB,BB,BB,BB,CB,CC,CC,BB,BB,BB,BB,BB,BB,BB,BB,BB,CB,-,CB,CB,BB,CC,CC,CB,CB,CB,BB,BB,BB,BB,CB,CB,CB,CB,CB,CB,CB,CC,CB,CB,CB,CB,CB,CC,CC,CC,CC,CC,CB,CC,CC,CC,CB,CB,CB,CB,CB,CC,CC,CC,CC,CC,CB,CB,CB,BB,CB
99,558,31.6,123,1,203,CB,CC,CB,CB,CB,CB,CB,-,BB,BB,CB,CB,CB,CB,CB,CB,CB,CB,CB,BB,BB,BB,BB,BB,BB,BB,CB,CB,BB,BB,BB,CB,CC,CB,CB,CB,CB,CB,CC,CB,CB,CB,CB,CC,CB,BB,BB,CC,CC,BB,BB,BB,CB,CC,CC,CC,CC,CC,CC,BB,BB,BB,CB,BB,BB,BB,CC,CC,CC,CC,CC,CC,CC,CC,BB,CB,CB,CB,CB,CB,CB,CC,BB,BB,BB,-,CB,CB,CB,CB,CB,BB,BB
101,669,36.3,154,1,205,BB,BB,CB,CB,CB,CC,CC,CC,CC,CC,CC,CB,CB,BB,BB,CB,CB,-,CC,CC,CB,CB,CC,CC,CB,CB,CB,CB,CB,BB,CB,BB,BB,BB,BB,BB,CB,CB,CC,CB,CB,CC,CC,CB,CB,CB,BB,CB,CB,BB,BB,BB,CB,CB,CC,CB,CB,CB,CC,CB,CB,-,CC,CC,CB,CB,CB,CB,CB,CB,CB,CB,CB,CC,CB,CB,BB,BB,CB,CB,CC,CC,BB,BB,BB,BB,BB,BB,BB,BB,BB,CB,CB
103,564,37.7,133,1,206,CC,CC,CB,CC,CC,CB,CB,CB,CB,CB,CB,BB,CB,CB,CB,CB,CB,CB,CB,CB,CC,CC,BB,BB,CB,CB,CB,CB,CB,CB,CB,CB,BB,BB,BB,BB,CB,CB,CB,CB,CB,CC,CC,CB,CB,CB,CC,CC,CC,CB,BB,BB,CB,CB,CB,CC,CC,CC,BB,BB,BB,CB,BB,BB,CC,CC,CB,CB,CB,BB,CC,CC,CC,CC,BB,BB,BB,BB,CC,CC,CB,CB,CB,CB,CB,CB,BB,BB,CB,CB,CB,CB,BB
93,614,35.4,135,1,207,CB,BB,CB,BB,BB,BB,BB,-,CB,CB,CB,BB,BB,BB,BB,BB,BB,BB,BB,BB,CB,CB,BB,BB,BB,CB,CB,CB,CB,CB,CB,CB,CB,CB,CB,CB,CB,CB,BB,BB,BB,BB,CB,CC,CC,CC,CC,BB,BB,BB,CB,CB,CB,CB,CB,CB,CB,CB,CB,CB,CB,CC,BB,BB,CB,CB,BB,BB,CB,CB,CB,CC,CC,CB,CC,CB,CB,CB,BB,BB,BB,CB,BB,BB,BB,CB,CB,CB,CB,CB,CB,CB,BB
-,-,31.1,122,1,208,CB,CB,CB,CB,CB,BB,BB,-,CB,CB,CB,CB,BB,BB,BB,BB,CB,CB,CB,CB,BB,BB,CB,BB,BB,BB,BB,BB,CC,CC,CB,CB,CB,CC,CB,CB,CB,CB,CB,BB,-,CB,CB,CB,CB,CC,CC,CC,BB,CC,CB,BB,CC,-,CB,CB,CB,CB,BB,CB,CB,CB,CC,CC,CB,CB,CB,BB,BB,CC,CC,CC,CC,CB,BB,BB,CB,CB,BB,BB,CC,CC,CC,CC,CC,CB,CB,CB,BB,BB,BB,CB,CB
